Date received,Product,Sub-product,Issue,Sub-issue,Consumer complaint narrative,Company public response,Company,State,ZIP code,Tags,Consumer consent provided?,Submitted via,Date sent to company,Company response to consumer,Timely response?,Consumer disputed?,Complaint ID,cleaned_consumer_narrative,narrative_sentiment_score
2016-01-20,Mortgage,FHA mortgage,"Loan servicing, payments, escrow account",,[No Narrative],Company chooses not to provide a public response,"BANK OF AMERICA, NATIONAL ASSOCIATION",AZ,85260,,Consent not provided,Web,2016-01-20,Closed with explanation,True,No,1750160,[No Narrative],0.0
2016-04-20,Bank account or service,Checking account,"Making/receiving payments, sending money",,[No Narrative],,KEYCORP,MT,59718,,N/A,Referral,2016-04-20,Closed with non-monetary relief,True,No,1889156,[No Narrative],0.0
2016-09-08,Credit card,,APR or interest rate,,[No Narrative],Company has responded to the consumer and the CFPB and chooses not to provide a public response,SYNCHRONY FINANCIAL,MS,39120,,Consent not provided,Web,2016-09-08,Closed with explanation,True,No,2099346,[No Narrative],0.0
2016-11-02,Mortgage,Conventional fixed mortgage,"Loan modification,collection,foreclosure",,"Our home is being foreclosed on fraudulently. Once a month we would get a note says XXXX is claiming that the home is empty, so we would call and tell them that we lived there ( phone records to prove it ) The letters stopped A few months ago. Since then XXXX XXXX that look like XXXX showed up at our home while we were at work. Claiming to be from the bank. They told our neighbor that they had to clear the property and make it look like no one lived there. They stole items from around our home, yard, back deck, and threw our dog igloo house and lawn mower over the deck down to the creek. We have neighbors that witnessed this. They have enter our home illegally and changed the locks not once but twice on our back door even after leaving notes that we live here. We have their lock boxes to prove it. Our XXXX chickens disappeared and stuff inside there coup was stolen as well. We submitted a request for re-modification through a HUD approved housing counseling agency. Fax transmittal to prove it. A few days later they filed paperwork with the county clerk to sell home. Our home is still up for sale on XXXX XXXX, XXXX. Back in XXXX XXXX XXXX XXXX approved our request for re-modification then took it back and said there was an error. Denial was based on them assessing our home way above actual value so we would n't qualify for re-modification that we in fact should have qualified for. We appealed it and included an appraisal as well as 6 local comps to prove what is was truly worth. Then they switched servicers on us. I believe that Bank of NY Mellon does n't want to re-mod our loan even though these programs were created specifically to help people like us.",Company has responded to the consumer and the CFPB and chooses not to provide a public response,"BANK OF AMERICA, NATIONAL ASSOCIATION",CA,950XX,,Consent provided,Web,2016-11-08,Closed with explanation,True,No,2191909,"Our home is being foreclosed on fraudulently. Once a month we would get a note says REDACTED is claiming that the home is empty, so we would call and tell them that we lived there ( phone records to prove it ) The letters stopped A few months ago. Since then REDACTED REDACTED that look like REDACTED showed up at our home while we were at work. Claiming to be from the bank. They told our neighbor that they had to clear the property and make it look like no one lived there. They stole items from around our home, yard, back deck, and threw our dog igloo house and lawn mower over the deck down to the creek. We have neighbors that witnessed this. They have enter our home illegally and changed the locks not once but twice on our back door even after leaving notes that we live here. We have their lock boxes to prove it. Our REDACTED chickens disappeared and stuff inside there coup was stolen as well. We submitted a request for re-modification through a HUD approved housing counseling agency. Fax transmittal to prove it. A few days later they filed paperwork with the county clerk to sell home. Our home is still up for sale on REDACTED REDACTED , REDACTED . Back in REDACTED REDACTED REDACTED REDACTED approved our request for re-modification then took it back and said there was an error. Denial was based on them assessing our home way above actual value so we would n't qualify for re-modification that we in fact should have qualified for. We appealed it and included an appraisal as well as 6 local comps to prove what is was truly worth. Then they switched servicers on us. I believe that Bank of NY Mellon does n't want to re-mod our loan even though these programs were created specifically to help people like us.",0.9666
2016-11-07,Bank account or service,Checking account,"Account opening, closing, or management",,"BB & T charged the bank account for my XXXX for a "" service charges prior period ''. When I called to inquire they said a manager would need to call me back. I called back a couple hours later and was then put on hold until the manager could talk with me. A manager is the only person that could reverse the charge. 

They had no good explanation other than the account was put into the wrong account type when they converted from XXXX to BB & T and they were going to charge the XXXX a fee for being in a business account. 

When I told them this smelled like XXXX, they very quickly indicated that they would refund the fee within 24 hours and move the account to a not for profit account type which had no fee. I told them that I appreciate that, but I knew that the bank had 100s of XXXX accounts not to mention other not-for-profit organizations. He agreed and I told him charging this fee was totally inappropriate. The XXXX received no communication about this change and I suspect many other accounts have this fee charged to them. I believe the CFPB should look into BB & Ts business practices, this is no different than what XXXX did.",Company has responded to the consumer and the CFPB and chooses not to provide a public response,BB&T CORPORATION,KY,41017,,Consent provided,Web,2016-11-07,Closed with explanation,True,Yes,2197653,"BB & T charged the bank account for my REDACTED for a "" service charges prior period ''. When I called to inquire they said a manager would need to call me back. I called back a couple hours later and was then put on hold until the manager could talk with me. A manager is the only person that could reverse the charge. They had no good explanation other than the account was put into the wrong account type when they converted from REDACTED to BB & T and they were going to charge the REDACTED a fee for being in a business account. When I told them this smelled like REDACTED , they very quickly indicated that they would refund the fee within 24 hours and move the account to a not for profit account type which had no fee. I told them that I appreciate that, but I knew that the bank had 100s of REDACTED accounts not to mention other not-for-profit organizations. He agreed and I told him charging this fee was totally inappropriate. The REDACTED received no communication about this change and I suspect many other accounts have this fee charged to them. I believe the CFPB should look into BB & Ts business practices, this is no different than what REDACTED did.",-0.8848
2017-02-23,Credit card,,Credit card protection / Debt protection,,"Let me start by saying clearly and plainly, we did not charge anything to this company and we have received nothing from this company. 
Now the story ; We had a Visa Signature credit card with Bank of America. When we received our XXXX statement we immediately call the bank about an unauthorized credit card purchase to someone called XXXX at XXXX. We called the company and received a text mail subscriber phone number ( which is a clear indication of a typical scammer telephone ). We left a message with this XXXX company and never heard back. We sent the company an email from the email address provided by the Bank of America and it was rejected as "" ADDRESS NOT FOUND ''. 

Additionally we lodged a complaint with the credit card holder, Bank of America. On XXXX XXXX, we received a letter from Bank of America indicating our account was credited for the full {$220.00}. But on XXXX statement the charge reappeared. The bank claims they have a receipt that proves we charged it because it has our address on it. I 'm sorry but a simple XXXX search will show anyone our address. So that is n't proof at all. 

Additionally the receipt that Bank of America proved to us clearly shows the Shipping Address as "" UnConfirmed ''. Obvious since we received no package from this XXXX company. 

We do not believe that we should be forced to pay for a credit charge that we did not authorize. And that the Bank of American or their associates does not have the right to come up with "" bogus '' information to convince us to pay for their mistakes. 

We have all telephone calls with Bank of America recorded if you should need to listen to them. 

Also we should note that the credit card in question was replaced in XXXX for other fraudulent charges. 

It is our opinion that Bank of America is unwilling to assist us and intend to make us pay for their mistakes and inability to handle. I have attached a copy of the bogus receipt as well.",Company has responded to the consumer and the CFPB and chooses not to provide a public response,"BANK OF AMERICA, NATIONAL ASSOCIATION",MI,48306,Older American,Consent provided,Web,2017-02-23,Closed with monetary relief,True,No,2358861,"Let me start by saying clearly and plainly, we did not charge anything to this company and we have received nothing from this company. Now the story ; We had a Visa Signature credit card with Bank of America. When we received our REDACTED statement we immediately call the bank about an unauthorized credit card purchase to someone called REDACTED at REDACTED . We called the company and received a text mail subscriber phone number ( which is a clear indication of a typical scammer telephone ). We left a message with this REDACTED company and never heard back. We sent the company an email from the email address provided by the Bank of America and it was rejected as "" ADDRESS NOT FOUND ''. Additionally we lodged a complaint with the credit card holder, Bank of America. On REDACTED REDACTED , we received a letter from Bank of America indicating our account was credited for the full {$220.00}. But on REDACTED statement the charge reappeared. The bank claims they have a receipt that proves we charged it because it has our address on it. I 'm sorry but a simple REDACTED search will show anyone our address. So that is n't proof at all. Additionally the receipt that Bank of America proved to us clearly shows the Shipping Address as "" UnConfirmed ''. Obvious since we received no package from this REDACTED company. We do not believe that we should be forced to pay for a credit charge that we did not authorize. And that the Bank of American or their associates does not have the right to come up with "" bogus '' information to convince us to pay for their mistakes. We have all telephone calls with Bank of America recorded if you should need to listen to them. Also we should note that the credit card in question was replaced in REDACTED for other fraudulent charges. It is our opinion that Bank of America is unwilling to assist us and intend to make us pay for their mistakes and inability to handle. I have attached a copy of the bogus receipt as well.",-0.8834
2017-03-08,Mortgage,Other mortgage,"Loan servicing, payments, escrow account",,[No Narrative],Company has responded to the consumer and the CFPB and chooses not to provide a public response,WELLS FARGO & COMPANY,,,,N/A,Postal mail,2017-03-13,Closed with explanation,True,No,2377237,[No Narrative],0.0
2017-05-04,Mortgage,Conventional home mortgage,Trouble during payment process,,[No Narrative],Company has responded to the consumer and the CFPB and chooses not to provide a public response,M&T BANK CORPORATION,PA,15009,,Consent not provided,Web,2017-05-04,Closed with explanation,True,N/A,2475761,[No Narrative],0.0
2017-06-25,Credit card or prepaid card,General-purpose credit card or charge card,Problem with a purchase shown on your statement,Card was charged for something you did not purchase with the card,[No Narrative],Company has responded to the consumer and the CFPB and chooses not to provide a public response,"CITIBANK, N.A.",MA,01515,"Older American, Servicemember",Consent not provided,Web,2017-06-25,Closed with monetary relief,True,N/A,2558295,[No Narrative],0.0
2017-07-11,Credit card or prepaid card,General-purpose credit card or charge card,Getting a credit card,Card opened as result of identity theft or fraud,"Company : Chase Credit Card for Amazon.com I am a victim of identity theft. I just became aware of this on XX/XX/XXXX by a different credit card company. As a result, I have placed a fraud alert on my credit report and ordered all three reports. <P/> I received a missed call on XX/XX/XXXX from the following number : XXXX at approximately XXXX XXXX. The caller left a voicemail identifying himself as XXXX from Chase Fraud Prevention Dept for Amazon.com Credit Cards. He left a call back number of : XXXX and a reference number. <P/> I did not call the above number as I am leary about the validity of the caller. My guard is extremely high at this point. I instead used XXXX to find a toll free number for Chase. I called XXXX at approximately XXXX XXXX. <P/> The 1st Customer Service Rep I spoke with was XXXX. I asked to be connected with the Fraud dept. I also asked him to provide me with their phone number ( in an effort for me to try to verify the phone number left on my voicemail ). He stated they did not have a number?? But stated he could connect me to them after verifying my information. I explained the situation of how I am not a customer of theirs, I received a call from the Fraud dept, and that I did not feel comfortable supplying him with my personal information. XXXX did not seem to understand the seriousness of my concerns so I requested to speak with his supervisor. I was then connected to XXXX. She identified herself as the Fraud Dept Supervisor. <P/> I reiterated my concerns to XXXX. She stated their phone number is : XXXX. She was unable to confirm if the initial phone number left on my voicemail was valid. She too requested my personal information that I was not willing to provide for my security. Besides, they should be able to use the reference number to pull up whatever file that has been created in my name. <P/> Out of frustration with the process, I stated I was ending the call with her. <P/> I then decided to call Chase again, but this time using the phone number listed on my credit report which is : XXXX7. A gentleman by the name of XXXX answered. I explained my situation and he connected me with XXXX ( a male ) in the Fraud dept. I gave XXXX my full name, the reference number left on my voicemail, and explained the situation. He seemed to be more helpful than anyone else I had spoken with. However he asked for my address to send paperwork for the fraud investigation. I refused. In hindsight this seems like a reasonable request. However I am leary as this is the second notification I received of fraud within the past few weeks. <P/> Please, someone help me!! I simply want Chase to void whatever application that was submitted in my name fraudulently. If they opened an account in my name, I want it closed! I also want them to conduct an investigation as to who may have done this. Would someone please contact Chase on my behalf to facilitate this? <P/> By the way, I just noticed a hard inquiry on my credit report from Chase which was apparently done on XX/XX/XXXX ( which I did not initiate ). I want that removed as well!!",,JPMORGAN CHASE & CO.,PA,190XX,,Consent provided,Web,2017-07-11,Closed with non-monetary relief,True,N/A,2571431,"Company : Chase Credit Card for Amazon.com I am a victim of identity theft. I just became aware of this on REDACTED_DATE by a different credit card company. As a result, I have placed a fraud alert on my credit report and ordered all three reports. <P/> I received a missed call on REDACTED_DATE from the following number : REDACTED at approximately REDACTED REDACTED . The caller left a voicemail identifying himself as REDACTED from Chase Fraud Prevention Dept for Amazon.com Credit Cards. He left a call back number of : REDACTED and a reference number. <P/> I did not call the above number as I am leary about the validity of the caller. My guard is extremely high at this point. I instead used REDACTED to find a toll free number for Chase. I called REDACTED at approximately REDACTED REDACTED . <P/> The 1st Customer Service Rep I spoke with was REDACTED . I asked to be connected with the Fraud dept. I also asked him to provide me with their phone number ( in an effort for me to try to verify the phone number left on my voicemail ). He stated they did not have a number?? But stated he could connect me to them after verifying my information. I explained the situation of how I am not a customer of theirs, I received a call from the Fraud dept, and that I did not feel comfortable supplying him with my personal information. REDACTED did not seem to understand the seriousness of my concerns so I requested to speak with his supervisor. I was then connected to REDACTED . She identified herself as the Fraud Dept Supervisor. <P/> I reiterated my concerns to REDACTED . She stated their phone number is : REDACTED . She was unable to confirm if the initial phone number left on my voicemail was valid. She too requested my personal information that I was not willing to provide for my security. Besides, they should be able to use the reference number to pull up whatever file that has been created in my name. <P/> Out of frustration with the process, I stated I was ending the call with her. <P/> I then decided to call Chase again, but this time using the phone number listed on my credit report which is : REDACTED 7. A gentleman by the name of REDACTED answered. I explained my situation and he connected me with REDACTED ( a male ) in the Fraud dept. I gave REDACTED my full name, the reference number left on my voicemail, and explained the situation. He seemed to be more helpful than anyone else I had spoken with. However he asked for my address to send paperwork for the fraud investigation. I refused. In hindsight this seems like a reasonable request. However I am leary as this is the second notification I received of fraud within the past few weeks. <P/> Please, someone help me!! I simply want Chase to void whatever application that was submitted in my name fraudulently. If they opened an account in my name, I want it closed! I also want them to conduct an investigation as to who may have done this. Would someone please contact Chase on my behalf to facilitate this? <P/> By the way, I just noticed a hard inquiry on my credit report from Chase which was apparently done on REDACTED_DATE ( which I did not initiate ). I want that removed as well!!",-0.7672
2017-07-27,Mortgage,Home equity loan or line of credit (HELOC),Trouble during payment process,,[No Narrative],Company has responded to the consumer and the CFPB and chooses not to provide a public response,"BANK OF AMERICA, NATIONAL ASSOCIATION",FL,33715,,N/A,Referral,2017-07-28,Closed with explanation,True,N/A,2589273,[No Narrative],0.0
2017-08-05,Credit card or prepaid card,General-purpose credit card or charge card,Problem with a purchase shown on your statement,Credit card company isn't resolving a dispute about a purchase on your statement,[No Narrative],Company has responded to the consumer and the CFPB and chooses not to provide a public response,"CITIBANK, N.A.",CA,95661,,Consent not provided,Web,2017-08-05,Closed with explanation,True,N/A,2595929,[No Narrative],0.0
2017-11-28,Mortgage,Conventional home mortgage,Trouble during payment process,,[No Narrative],Company has responded to the consumer and the CFPB and chooses not to provide a public response,WELLS FARGO & COMPANY,CA,91403,Older American,Consent not provided,Web,2017-11-28,Closed with non-monetary relief,True,N/A,2739178,[No Narrative],0.0
2018-02-18,Credit card or prepaid card,General-purpose credit card or charge card,Fees or interest,Problem with fees,"Citibank says that I was charged too late fees one of {$35.00}, one of {$27.00}. My regular payment amount is {$68.00}. XX/XX/XXXX total {$150.00} XX/XX/XXXX XXXX. Difference each month of {$88.00}. {$120.00}. 
The representatives at the bank over the phone did not tell me accurately about my account so I could not access the response to give properly when talking to them. Including the manager this also differs from what the XXXX XXXX wrote in the letter reply. XXXX XXXX claims they can not refund only the {$27.00} because there is no record, however it is not a customers fault there is no record. Also there was no explination as to the extra charges because {$27.00} and {$35.00} total {$62.00}. I was charged way ore than that. 
As well, in one month I believe XX/XX/XXXX. I had asked the rep when making the phone how much I needed to pay to pay the balance she told me the wrong amount when I paid the {$10.00} payment. Then made the payment, if the person told me about the other {$5.00} I would have paid that but they did not. The person also did not explain not paying the fees would cause another late fee. I was not told this by any representative when I called. When I was told that the late fee would be creditied they told me it would take a couple of days to come back onto the account so I assumed I would not have to pay the full balance on the bill for the fees. Again XXXX XXXX thinks because the bank didn't note it that I didnt ' say anything, but the bank can see that I called and they can see I spoke to the manager. They can also see I made the payments and that I didn't pay the extra charges/ fees. It is lame excuse on XXXX XXXX to say they can't find a promise to credit it, however just the {$27.00} is not making up for the total amount I paid extra for some reason why was never explained. 
From this experience, I will now make a representative make a notation on the account, I will no longer just "" trust '' what the person says.",Company has responded to the consumer and the CFPB and chooses not to provide a public response,"CITIBANK, N.A.",CA,90028,,Consent provided,Web,2018-02-18,Closed with explanation,True,N/A,2817776,"Citibank says that I was charged too late fees one of {$35.00}, one of {$27.00}. My regular payment amount is {$68.00}. REDACTED_DATE total {$150.00} REDACTED_DATE REDACTED . Difference each month of {$88.00}. {$120.00}. The representatives at the bank over the phone did not tell me accurately about my account so I could not access the response to give properly when talking to them. Including the manager this also differs from what the REDACTED REDACTED wrote in the letter reply. REDACTED REDACTED claims they can not refund only the {$27.00} because there is no record, however it is not a customers fault there is no record. Also there was no explination as to the extra charges because {$27.00} and {$35.00} total {$62.00}. I was charged way ore than that. As well, in one month I believe REDACTED_DATE . I had asked the rep when making the phone how much I needed to pay to pay the balance she told me the wrong amount when I paid the {$10.00} payment. Then made the payment, if the person told me about the other {$5.00} I would have paid that but they did not. The person also did not explain not paying the fees would cause another late fee. I was not told this by any representative when I called. When I was told that the late fee would be creditied they told me it would take a couple of days to come back onto the account so I assumed I would not have to pay the full balance on the bill for the fees. Again REDACTED REDACTED thinks because the bank didn't note it that I didnt ' say anything, but the bank can see that I called and they can see I spoke to the manager. They can also see I made the payments and that I didn't pay the extra charges/ fees. It is lame excuse on REDACTED REDACTED to say they can't find a promise to credit it, however just the {$27.00} is not making up for the total amount I paid extra for some reason why was never explained. From this experience, I will now make a representative make a notation on the account, I will no longer just "" trust '' what the person says.",-0.7028
2018-03-16,Credit card or prepaid card,General-purpose credit card or charge card,"Other features, terms, or problems",Problem with rewards from credit card,[No Narrative],Company has responded to the consumer and the CFPB and chooses not to provide a public response,"CITIBANK, N.A.",FL,33012,,N/A,Referral,2018-03-22,Closed with explanation,True,N/A,2850187,[No Narrative],0.0
2018-04-30,Checking or savings account,Checking account,Managing an account,Problem using a debit or ATM card,"I purchased a pair of products online on XX/XX/2018 for {$27.00} each. The company provided the wrong kind of product, so I contacted Bank of America to open a fraud claim for "" products not as purchased. The investigation by BoA found no wrongdoing by the company, even though I have documented evidence of the company 's mistake. Bank of America has now withdrawn the provision credit they provided and it has overdrafted my account.",Company has responded to the consumer and the CFPB and chooses not to provide a public response,"BANK OF AMERICA, NATIONAL ASSOCIATION",TX,77381,,Consent provided,Web,2018-04-30,Closed with monetary relief,True,N/A,2891654,"I purchased a pair of products online on REDACTED / REDACTED /2018 for {$27.00} each. The company provided the wrong kind of product, so I contacted Bank of America to open a fraud claim for "" products not as purchased. The investigation by BoA found no wrongdoing by the company, even though I have documented evidence of the company 's mistake. Bank of America has now withdrawn the provision credit they provided and it has overdrafted my account.",-0.836
2018-09-17,Credit card or prepaid card,General-purpose credit card or charge card,Problem with a purchase shown on your statement,Credit card company isn't resolving a dispute about a purchase on your statement,"On XX/XX/XXXX, I order a product from a website, it say only XXXX for trying this product. I didn't notice there is a catch on this product for XXXX cost. on the email i got from this company see attached doc, it didn't say anything about additional charge. i call my credit card company and provide them with this email, my credit card company refuse to get this taking off my credit card. please assist.",,CAPITAL ONE FINANCIAL CORPORATION,TX,75035,,Consent provided,Web,2018-09-21,Closed with explanation,True,N/A,3021306,"On REDACTED_DATE , I order a product from a website, it say only REDACTED for trying this product. I didn't notice there is a catch on this product for REDACTED cost. on the email i got from this company see attached doc, it didn't say anything about additional charge. i call my credit card company and provide them with this email, my credit card company refuse to get this taking off my credit card. please assist.",0.7845
2018-10-16,Credit card or prepaid card,General-purpose credit card or charge card,Getting a credit card,Sent card you never applied for,I received a credit card in the mail from Synchrony Financial located in XXXX FL. The account was opened on XX/XX/18 without my knowledge or consent. It appears on my credit report from all 3 reporting agencies and includes a hard inquiry from the same company. I neither applied for or authorized the inquiry or the opening of the account. I have contacted Synchrony Financial and it has not been closed or removed from my credit reports. The company would not say who applied for the credit card and I suspect they did this on their own without permission.,Company has responded to the consumer and the CFPB and chooses not to provide a public response,SYNCHRONY FINANCIAL,MD,21012,,Consent provided,Web,2018-10-16,Closed with non-monetary relief,True,N/A,3047994,I received a credit card in the mail from Synchrony Financial located in REDACTED FL. The account was opened on REDACTED / REDACTED /18 without my knowledge or consent. It appears on my credit report from all 3 reporting agencies and includes a hard inquiry from the same company. I neither applied for or authorized the inquiry or the opening of the account. I have contacted Synchrony Financial and it has not been closed or removed from my credit reports. The company would not say who applied for the credit card and I suspect they did this on their own without permission.,0.8271
2018-11-01,Checking or savings account,Other banking product or service,Managing an account,Banking errors,[No Narrative],Company has responded to the consumer and the CFPB and chooses not to provide a public response,"SUNTRUST BANKS, INC.",CO,80122,,N/A,Fax,2018-11-07,Closed with explanation,True,N/A,3062888,[No Narrative],0.0
2018-11-26,Checking or savings account,Savings account,Managing an account,Funds not handled or disbursed as instructed,"Hello, My issue is with CitiBank with regards to an account sign-up bonus they offered and are failing to deliver. The bonus was a {$600.00} account bonus for opening a new account with $ XXXX of new money ( link at the bottom ). The terms are : transfer the $ XXXX in, maintain that balance for 2 mos., then within 90 days, you get the bonus. 

I made my deposit on XX/XX/2018, which means I should have gotten it by XX/XX/XXXX ( ish ). I called their Customer Service line couple days after that, and again this week, and they acknowledged I had met the criteria. They both promised to email me with an update ( neither did ), but let me know it's under "" investigation. '' Which, to me, sounds like an arbitrary queue they can put you in to delay disbursement indefinitely - they use it as an excuse to take no action, and refuse to let you speak to anyone in the bonus department. 

I can provide other specific details if you need them. I just want it resolved ASAP! 

Thanks! 

OFFER LINK XXXX XXXX XXXX XXXX XXXX XXXX XXXX XXXX XXXX XXXX XXXX XXXX XXXX XXXX",Company has responded to the consumer and the CFPB and chooses not to provide a public response,"CITIBANK, N.A.",CA,90020,,Consent provided,Web,2018-11-26,Closed with explanation,True,N/A,3082840,"Hello, My issue is with CitiBank with regards to an account sign-up bonus they offered and are failing to deliver. The bonus was a {$600.00} account bonus for opening a new account with $ REDACTED of new money ( link at the bottom ). The terms are : transfer the $ REDACTED in, maintain that balance for 2 mos., then within 90 days, you get the bonus. I made my deposit on REDACTED / REDACTED /2018, which means I should have gotten it by REDACTED_DATE ( ish ). I called their Customer Service line couple days after that, and again this week, and they acknowledged I had met the criteria. They both promised to email me with an update ( neither did ), but let me know it's under "" investigation. '' Which, to me, sounds like an arbitrary queue they can put you in to delay disbursement indefinitely - they use it as an excuse to take no action, and refuse to let you speak to anyone in the bonus department. I can provide other specific details if you need them. I just want it resolved ASAP! Thanks! OFFER LINK REDACTED REDACTED REDACTED REDACTED REDACTED REDACTED REDACTED REDACTED REDACTED REDACTED REDACTED REDACTED REDACTED REDACTED",0.9375
2018-12-27,Credit card or prepaid card,Store credit card,Problem with a purchase shown on your statement,Credit card company isn't resolving a dispute about a purchase on your statement,"In XX/XX/2018, my XXXX XXXX credit card was charged approximately {$12.00}. On XX/XX/XXXX, I noticed the charged because I received a statement that I was not expecting and I contacted XXXX XXXX to report and dispute the charge. I also contacted XXXX XXXX who could not identify what the charge was for. Because I did not make any purchases with my XXXX XXXX card in XXXX, I assumed this to be an unauthorized charge that would be refunded. 

When I received the next statement, I noticed that the issue had not been resolved, XXXX XXXX   was charging late fees and reporting delinquency to the credit agencies. I called XXXX to check the status of the dispute and resolve the issue. This resulted in several phone calls back and forth between XXXX XXXX and XXXX XXXX. 

In summary, XXXX XXXX  demanded that I pay the disputed amount in order to stop the negative reporting to the credit agencies. They assured me that the money would be refunded if the situation was resolved. 

XXXX XXXX eventually identified the charge as a back-ordered item from a purchase made in XXXX, which was paid in full after I received the statement of the purchase. In addition, I never received the item that was on back-order. On XX/XX/2018, the XXXX XXXX representative told me that they would refund the charge and to expect the credit within 3 business days. 

When I called XXXX XXXX a week later, the XXXX agent told me that it would take 30 days for the credit to appear. 


XXXX XXXX has not issued the refund/credit and XXXX XXXX continues to harass me for payment, threatening me with further action, claiming that I have not responded to them and reporting delinquency to the credit agencies. I am at a loss for how to resolve this situation. 

Thank you for your assistance, XXXX XXXX",,"Bread Financial Holdings, Inc.",IL,60646,,Consent provided,Web,2018-12-27,Closed with monetary relief,True,N/A,3110471,"In REDACTED / REDACTED /2018, my REDACTED REDACTED credit card was charged approximately {$12.00}. On REDACTED_DATE , I noticed the charged because I received a statement that I was not expecting and I contacted REDACTED REDACTED to report and dispute the charge. I also contacted REDACTED REDACTED who could not identify what the charge was for. Because I did not make any purchases with my REDACTED REDACTED card in REDACTED , I assumed this to be an unauthorized charge that would be refunded. When I received the next statement, I noticed that the issue had not been resolved, REDACTED REDACTED was charging late fees and reporting delinquency to the credit agencies. I called REDACTED to check the status of the dispute and resolve the issue. This resulted in several phone calls back and forth between REDACTED REDACTED and REDACTED REDACTED . In summary, REDACTED REDACTED demanded that I pay the disputed amount in order to stop the negative reporting to the credit agencies. They assured me that the money would be refunded if the situation was resolved. REDACTED REDACTED eventually identified the charge as a back-ordered item from a purchase made in REDACTED , which was paid in full after I received the statement of the purchase. In addition, I never received the item that was on back-order. On REDACTED / REDACTED /2018, the REDACTED REDACTED representative told me that they would refund the charge and to expect the credit within 3 business days. When I called REDACTED REDACTED a week later, the REDACTED agent told me that it would take 30 days for the credit to appear. REDACTED REDACTED has not issued the refund/credit and REDACTED REDACTED continues to harass me for payment, threatening me with further action, claiming that I have not responded to them and reporting delinquency to the credit agencies. I am at a loss for how to resolve this situation. Thank you for your assistance, REDACTED REDACTED",-0.3649
2019-04-20,Mortgage,Conventional home mortgage,Trouble during payment process,,[No Narrative],,JPMORGAN CHASE & CO.,TX,78015,,Consent withdrawn,Web,2019-04-20,Closed with explanation,True,N/A,3218243,[No Narrative],0.0
2019-09-18,Credit card or prepaid card,General-purpose credit card or charge card,Getting a credit card,Application denied,[No Narrative],Company has responded to the consumer and the CFPB and chooses not to provide a public response,"CITIBANK, N.A.",CA,92801,,Consent not provided,Web,2019-09-18,Closed with explanation,True,N/A,3379181,[No Narrative],0.0
2019-10-23,Mortgage,Home equity loan or line of credit (HELOC),Struggling to pay mortgage,,[No Narrative],Company has responded to the consumer and the CFPB and chooses not to provide a public response,WELLS FARGO & COMPANY,CO,80136,,N/A,Referral,2019-10-23,Closed with explanation,True,N/A,3415495,[No Narrative],0.0
2020-01-21,Checking or savings account,Other banking product or service,Problem with a lender or other company charging your account,Transaction was not authorized,"On XX/XX/2019 I tried to login to my account but was unable. I was locked out of my account. someone else had gained access to my account and changed the login info. 
After contacting PayPal multiple times I was finally able to access my account and I realized that my PayPal balance was gone. {$480.00} had been fraudulently withdrawn on XX/XX/XXXX at a XXXX. 
I contacted PayPal and they were very unhelpful. they weren't even able to provide basic info like how it was even withdrawn as they are supposed to ask for photo ID. they also could not provide info about which XXXX location it was withdrawn as it can be at any location in the world. they assured me that the issue would be resolved. 
so I filed a dispute with PayPal. 
After review, this was their response : Case ID : XXXX Thank you for reporting this case. After reviewing your case, we found that this transaction was not unauthorized and hence couldn't be covered under PayPal Purchase Protection. 
Case details Dispute reason - Unauthorized access Case Status - Closed Date reported - XX/XX/2019 Transactions not refunded I then called PayPal again to get some info about their decision and they just kept repeating that the "" transaction was not unauthorized '' since it was "" an in person transaction '' Basically someone at a XXXX somewhere ( but they can't tell me where ) had withdrawn the money in person so it's not considered fraudulent. 
I then called my local police to file a report but the officer was dumbfounded by the lack of info PayPal was able to provide and he said there's nothing the police can do since they don't even have the basic info of the location of the withdrawal.",,"Paypal Holdings, Inc",FL,32937,,Consent provided,Web,2020-01-22,Closed with monetary relief,True,N/A,3504506,"On REDACTED / REDACTED /2019 I tried to login to my account but was unable. I was locked out of my account. someone else had gained access to my account and changed the login info. After contacting PayPal multiple times I was finally able to access my account and I realized that my PayPal balance was gone. {$480.00} had been fraudulently withdrawn on REDACTED_DATE at a REDACTED . I contacted PayPal and they were very unhelpful. they weren't even able to provide basic info like how it was even withdrawn as they are supposed to ask for photo ID. they also could not provide info about which REDACTED location it was withdrawn as it can be at any location in the world. they assured me that the issue would be resolved. so I filed a dispute with PayPal. After review, this was their response : Case ID : REDACTED Thank you for reporting this case. After reviewing your case, we found that this transaction was not unauthorized and hence couldn't be covered under PayPal Purchase Protection. Case details Dispute reason - Unauthorized access Case Status - Closed Date reported - REDACTED / REDACTED /2019 Transactions not refunded I then called PayPal again to get some info about their decision and they just kept repeating that the "" transaction was not unauthorized '' since it was "" an in person transaction '' Basically someone at a REDACTED somewhere ( but they can't tell me where ) had withdrawn the money in person so it's not considered fraudulent. I then called my local police to file a report but the officer was dumbfounded by the lack of info PayPal was able to provide and he said there's nothing the police can do since they don't even have the basic info of the location of the withdrawal.",0.6533
2020-05-11,Credit card or prepaid card,Store credit card,"Other features, terms, or problems",Other problem,My bank sent a loan proceeds check to pay off an account with Synchrony Bank and close an account. The account was paid in full and closed ( receiving a closed account letter ) and 35 days later Synchrony Bank said the payment was returned. They cant tell me where it was returned or why. My bank XXXX has called Synchrony several times explaining they didnt return the funds. I have been trying for 5 months to get it resolved. I have spent about 14 hours on the phone trying to resolve this and NO ONE at Synchrony can help me.,Company has responded to the consumer and the CFPB and chooses not to provide a public response,SYNCHRONY FINANCIAL,AL,351XX,,Consent provided,Web,2020-05-11,Closed with monetary relief,True,N/A,3647142,My bank sent a loan proceeds check to pay off an account with Synchrony Bank and close an account. The account was paid in full and closed ( receiving a closed account letter ) and 35 days later Synchrony Bank said the payment was returned. They cant tell me where it was returned or why. My bank REDACTED has called Synchrony several times explaining they didnt return the funds. I have been trying for 5 months to get it resolved. I have spent about 14 hours on the phone trying to resolve this and NO ONE at Synchrony can help me.,0.3954
2020-05-12,Credit card or prepaid card,General-purpose credit card or charge card,Problem with a purchase shown on your statement,Credit card company isn't resolving a dispute about a purchase on your statement,[No Narrative],Company has responded to the consumer and the CFPB and chooses not to provide a public response,BARCLAYS BANK DELAWARE,CA,92110,,N/A,Phone,2020-05-12,Closed with explanation,True,N/A,3648952,[No Narrative],0.0
2020-05-29,Checking or savings account,Other banking product or service,Managing an account,Problem making or receiving payments,I am trying to connect my bank account with XXXX XXXX 0n XX/XX/20.,,PNC Bank N.A.,PA,19120,Servicemember,Consent provided,Web,2020-05-29,Closed with explanation,True,N/A,3674799,I am trying to connect my bank account with REDACTED REDACTED 0n REDACTED / REDACTED /20.,0.0
2020-07-23,Credit card or prepaid card,Store credit card,Problem with a purchase shown on your statement,Credit card company isn't resolving a dispute about a purchase on your statement,[No Narrative],Company has responded to the consumer and the CFPB and chooses not to provide a public response,SYNCHRONY FINANCIAL,FL,33615,,Consent not provided,Web,2020-07-23,Closed with monetary relief,True,N/A,3759771,[No Narrative],0.0
2020-07-27,Checking or savings account,Checking account,Managing an account,Problem accessing account,"I was scammed..towards the end of the activity, when I realized what was happening..I shut down my computer, put a block on my account then called the bank and explained what had just happened and told them not to release the funds..They REFUSED! ... Said I would have to wait until after it posted ... then I ask Regions to put a block on my accounts to safeguard me and the bank from any more funds leaving the bank.. 
The next day informed the bank to unlock my accounts Now..Had scanned my pc for any lingering Malware. 
After numerous calls, emails, being on hold for hours..disconnected multiple times, They said they would in fact do that, but they have not done so and have been giving me the run around daily..this does not begin to show the terrible frustration from being bounced around from dept. to dept., person to person..Informed them I had many automatic .. payments that would be coming out of my account..Throughout this entire process they were given all needed id verification from me.They assured me there would not be a problem ... but..the auto payments were not paid and I began to get notices. 
They are going to ruin my credit by not solving my simple request ..their inefficient actions are unconscionable for a XXXX  dollar company and to treat their customers so poorly.. 
This issue could have been resolved in one ten minute phone conversation..but I have yet to get access to my accounts..The pandemic is no excuse for not being able to solve a simple request timely.. 
There are many more details ... too many contacts for me to list..too many emails..too many disrupted phone calls. One hardship to overcome was the bank 's policy not to give out direct phone numbers to the correct departments. 
It has been 11 days and I am still unable to access my accounts. 
Their phone answering system extremely user unfriendly, inefficient, very slow, disconnected often.. 
Sincerely Mr.XXXX  XXXX",Company has responded to the consumer and the CFPB and chooses not to provide a public response,REGIONS FINANCIAL CORPORATION,OH,44483,Older American,Consent provided,Web,2020-07-27,Closed with explanation,True,N/A,3765616,"I was scammed..towards the end of the activity, when I realized what was happening..I shut down my computer, put a block on my account then called the bank and explained what had just happened and told them not to release the funds..They REFUSED! ... Said I would have to wait until after it posted ... then I ask Regions to put a block on my accounts to safeguard me and the bank from any more funds leaving the bank.. The next day informed the bank to unlock my accounts Now..Had scanned my pc for any lingering Malware. After numerous calls, emails, being on hold for hours..disconnected multiple times, They said they would in fact do that, but they have not done so and have been giving me the run around daily..this does not begin to show the terrible frustration from being bounced around from dept. to dept., person to person..Informed them I had many automatic .. payments that would be coming out of my account..Throughout this entire process they were given all needed id verification from me.They assured me there would not be a problem ... but..the auto payments were not paid and I began to get notices. They are going to ruin my credit by not solving my simple request ..their inefficient actions are unconscionable for a REDACTED dollar company and to treat their customers so poorly.. This issue could have been resolved in one ten minute phone conversation..but I have yet to get access to my accounts..The pandemic is no excuse for not being able to solve a simple request timely.. There are many more details ... too many contacts for me to list..too many emails..too many disrupted phone calls. One hardship to overcome was the bank 's policy not to give out direct phone numbers to the correct departments. It has been 11 days and I am still unable to access my accounts. Their phone answering system extremely user unfriendly, inefficient, very slow, disconnected often.. Sincerely Mr. REDACTED REDACTED",-0.6784
2020-08-11,Checking or savings account,Checking account,Problem with a lender or other company charging your account,Transaction was not authorized,"My debit card was charged {$1000.00} by XXXX its a pool company by someone fraudulently using my debit card in XXXX, I contacted my bank, CHASE, as soon as I became aware of the transaction, they issued a temporary credit and began their investigation, What they found was evidence that my card was used and product was delivered to my address, If thats true, I never authorized payment of any type to XXXX pool company and I never received any products from XXXX pool company ... but some how my bank has left me responsible for this, I never misplaced my card or my checkbook, and I have no way of fighting the charges, my bank closed the investigation, and I have a charge of {$1000.00} is there anything I can do?",,JPMORGAN CHASE & CO.,GA,30344,,Consent provided,Web,2020-08-11,Closed with monetary relief,True,N/A,3789200,"My debit card was charged {$1000.00} by REDACTED its a pool company by someone fraudulently using my debit card in REDACTED , I contacted my bank, CHASE, as soon as I became aware of the transaction, they issued a temporary credit and began their investigation, What they found was evidence that my card was used and product was delivered to my address, If thats true, I never authorized payment of any type to REDACTED pool company and I never received any products from REDACTED pool company ... but some how my bank has left me responsible for this, I never misplaced my card or my checkbook, and I have no way of fighting the charges, my bank closed the investigation, and I have a charge of {$1000.00} is there anything I can do?",-0.5346
2020-10-27,Credit card or prepaid card,Government benefit card,Trouble using the card,Problem with direct deposit,[No Narrative],,Conduent Incorporated,MS,39401,,N/A,Phone,2020-10-27,Closed with explanation,True,N/A,3924840,[No Narrative],0.0
2021-01-07,Credit card or prepaid card,Government benefit card,Problem getting a card or closing an account,Trouble getting a working replacement card,[No Narrative],Company has responded to the consumer and the CFPB and chooses not to provide a public response,Netspend Corporation,,,,N/A,Phone,2021-01-07,Closed with explanation,True,N/A,4053302,[No Narrative],0.0
2021-03-19,Checking or savings account,Checking account,Closing an account,Company closed your account,[No Narrative],Company has responded to the consumer and the CFPB and chooses not to provide a public response,"CITIBANK, N.A.",,,,N/A,Referral,2021-03-22,Closed with explanation,True,N/A,4235937,[No Narrative],0.0
2021-04-30,Checking or savings account,Checking account,Managing an account,Deposits and withdrawals,"I was approved by the SBA and a lender funded my PPP loan on XX/XX/2021. I submitted all my information to achieve approval. I am an XXXX XXXX and needed these funds to pay for my craft, as Im grossly in the red. I went to pull off my funds today XX/XX/2021 ( tomorrow is the first all bills are due XXXX, after being able to use my account all week, uninterrupted, even having a rep increase my limit, now to be told that my account is frozen, with not only funds from the SBA but funds that were directly deposited from other sources. They need documentation of the funds received, when asked what do I need to send in, I was told everything that I can. When I call the Capital One phone number I am being told I have to leave a voicemail. I have been banking with Capital One for over 2 years now and have 3 credit cards. I have never been treated like Im a criminal. I feel like I was flagged because the lady at the counter saw a young XXXX XXXX female and assumed fraud. This is the second time that I have visited this bank branch to withdraw a large amount, the first time I had no issue. 

At this point I want my money to be released to me so I can close my account.",,CAPITAL ONE FINANCIAL CORPORATION,MD,206XX,,Consent provided,Web,2021-04-30,Closed with explanation,True,N/A,4341436,"I was approved by the SBA and a lender funded my PPP loan on REDACTED / REDACTED /2021. I submitted all my information to achieve approval. I am an REDACTED REDACTED and needed these funds to pay for my craft, as Im grossly in the red. I went to pull off my funds today REDACTED / REDACTED /2021 ( tomorrow is the first all bills are due REDACTED , after being able to use my account all week, uninterrupted, even having a rep increase my limit, now to be told that my account is frozen, with not only funds from the SBA but funds that were directly deposited from other sources. They need documentation of the funds received, when asked what do I need to send in, I was told everything that I can. When I call the Capital One phone number I am being told I have to leave a voicemail. I have been banking with Capital One for over 2 years now and have 3 credit cards. I have never been treated like Im a criminal. I feel like I was flagged because the lady at the counter saw a young REDACTED REDACTED female and assumed fraud. This is the second time that I have visited this bank branch to withdraw a large amount, the first time I had no issue. At this point I want my money to be released to me so I can close my account.",-0.7064
2021-05-23,Checking or savings account,Checking account,Managing an account,Problem accessing account,"In XX/XX/2019, I deposited {$10.00} and {$100.00} into PNC interest account XXXX. The funds remain on file with PNC. 

PNC is an institution that mails periodic statements to consumers. I did not receive a periodic statement containing the required information in Section 230.6 ( a ) of Regulation DD. 

In addition, in violation of Regulation DD, Section 230.7, PNC has not credited me with the interest promised in the account agreement.",,PNC Bank N.A.,PA,150XX,,Consent provided,Web,2021-05-23,Closed with explanation,True,N/A,4398631,"In REDACTED / REDACTED /2019, I deposited {$10.00} and {$100.00} into PNC interest account REDACTED . The funds remain on file with PNC. PNC is an institution that mails periodic statements to consumers. I did not receive a periodic statement containing the required information in Section 230.6 ( a ) of Regulation DD. In addition, in violation of Regulation DD, Section 230.7, PNC has not credited me with the interest promised in the account agreement.",0.7499
2021-10-04,Credit card or prepaid card,Government benefit card,Problem with a purchase or transfer,Card company isn't resolving a dispute about a purchase or transfer,[No Narrative],,Comerica,TN,37814,,N/A,Referral,2021-10-05,Closed with monetary relief,True,N/A,4781191,[No Narrative],0.0
2021-10-18,Credit card or prepaid card,General-purpose credit card or charge card,Problem with a purchase shown on your statement,Credit card company isn't resolving a dispute about a purchase on your statement,"I recently reached out to Apple/Goldman Sachs via chat. I reached out regarding a billing error as well as my open ended credit. To further I expressed to them my consumer rights.

I have an open end consumer credit plan with Apple/ Goldman Sachs bank . It is expressed that I have an outstanding balance. I am asserting my consumer rights and demanding that Apple/Goldman Sachs balance out the balance each month, credit and/or make adjustments to the account, and send me the balance in check every month. In Title 15 U.S. Code 1602- Definitions and Rules of Construction ) The terms open end credit plan and open end consumer credit plan mean a plan under which the creditor reasonably contemplates repeated transactions, which prescribes the terms of such transactions, and which provides for a finance charge which may be computed from time to time on the outstanding unpaid balance. A credit plan or open end consumer credit plan which is an open end credit plan or open end consumer credit plan within the meaning of the preceding sentence is an open end credit plan or open end consumer credit plan even if credit information is verified from time to time. Per Title 15 U.S Code 1666d. Treatment of credit balances -Whenever a credit balance in excess of {$1.00} is created in connection with a consumer credit transaction through ( 1 ) transmittal of funds to a creditor in excess of the total balance due on an account, ( 2 ) rebates of unearned finance charges or insurance premiums, or ( 3 ) amounts otherwise owed to or held for the benefit of an obligor, the creditor shall ( A ) credit the amount of the credit balance to the consumers account ; ( B ) refund any part of the amount of the remaining credit balance, upon request of the consumer ; and ( C ) make a good faith effort to refund to the consumer by cash, check, or money order any part of the amount of the credit balance remaining in the account for more than six months, except that no further action is required in any case in which the consumers current location is not known by the creditor and can not be traced through the consumers last known address or telephone number.",,GOLDMAN SACHS BANK USA,DC,20001,,Consent provided,Web,2021-10-18,Closed with explanation,True,N/A,4820641,"I recently reached out to Apple/Goldman Sachs via chat. I reached out regarding a billing error as well as my open ended credit. To further I expressed to them my consumer rights. I have an open end consumer credit plan with Apple/ Goldman Sachs bank . It is expressed that I have an outstanding balance. I am asserting my consumer rights and demanding that Apple/Goldman Sachs balance out the balance each month, credit and/or make adjustments to the account, and send me the balance in check every month. In Title 15 U.S. Code 1602- Definitions and Rules of Construction ) The terms open end credit plan and open end consumer credit plan mean a plan under which the creditor reasonably contemplates repeated transactions, which prescribes the terms of such transactions, and which provides for a finance charge which may be computed from time to time on the outstanding unpaid balance. A credit plan or open end consumer credit plan which is an open end credit plan or open end consumer credit plan within the meaning of the preceding sentence is an open end credit plan or open end consumer credit plan even if credit information is verified from time to time. Per Title 15 U.S Code 1666d. Treatment of credit balances -Whenever a credit balance in excess of {$1.00} is created in connection with a consumer credit transaction through ( 1 ) transmittal of funds to a creditor in excess of the total balance due on an account, ( 2 ) rebates of unearned finance charges or insurance premiums, or ( 3 ) amounts otherwise owed to or held for the benefit of an obligor, the creditor shall ( A ) credit the amount of the credit balance to the consumers account ; ( B ) refund any part of the amount of the remaining credit balance, upon request of the consumer ; and ( C ) make a good faith effort to refund to the consumer by cash, check, or money order any part of the amount of the credit balance remaining in the account for more than six months, except that no further action is required in any case in which the consumers current location is not known by the creditor and can not be traced through the consumers last known address or telephone number.",0.9954
2021-11-18,Checking or savings account,Checking account,Managing an account,Funds not handled or disbursed as instructed,"USAA bank has taken over {$300.00} from me in the past year by refusing to permanently issue credits to my account after disputing certain transactions. 

-XXXX XXXX my car was fraudulently towed and I had to pay {$290.00}. I explained that to USAA, but Im assuming since I couldnt prove it by XXXX they took the credit back. Not even 3 months later the business closed due to too many fraudulent tows and Im still being refused my {$300.00}. 
XXXX XXXX I ordered a {$45.00} duffel bag to take with me to give birth, but it didnt arrive on time so I bought one in person and returned the one that was mailed. During that time I got a new debit card so the funds never went back onto my card. In less than the 90 days they say it takes to investigate they closed my case and took my money, because I didnt send proof of the return when I know I did send them the email confirmation from where I ordered the item. In this case it shouldnt have been a dispute to begin with because I no longer have the item and proved it! Plus the refund was processed from the retailer so if the funds werent found at USAA they shouldve been PERMANENTLY issued but were reversed as well. 
XXXX XXXX I ordered from XXXX XXXX XXXX and spent about {$92.00}. My order was delivered an hour late, the food was disgusting and even after experiencing every part of that horrible service and then some, the manager was even more rude and refused to refund me, even just partially for the horrible delivery. Id never eat there again yet was being forced into according a gift card just so he could get off of the phone. It was enough to have asked for a refund if it had been an in person transaction, but I believe I was treated that way because I was at home. I disputed this after the manager refused to help otherwise and once again before the 90 day investigation mark the funds were reversed from my account. 

There are a couple of other charges where I was told nothing could be done just because I was unhappy with the outcome, but isnt that the point of us being the consumer spending money? Im sure Im not the only one to expect a refund when I dont receive what Ive paid for.

USAA did continue to refuse refunding any funds and told me they couldnt tell me any resources to help get my funds back. Im a XXXX veteran with a XXXX XXXX XXXX I dont have money to just throw away. Ive never had these issues at any other bank Ive had, they always do their due diligence and unfortunately in this case I was failed and let down. 
PS. After speaking to an agent recently I discovered that even though I have online alerts turned on I wasnt getting any emails from USAA notifying me to submit any proof/ paperwork. I didnt know about submitting anything extra till I called them to ask why the credits were reversed and I dont think I should be held liable for that since the site has numerous glitches Ive even seen myself.",Company believes it acted appropriately as authorized by contract or law,UNITED SERVICES AUTOMOBILE ASSOCIATION,TX,75067,Servicemember,Consent provided,Web,2021-11-18,Closed with explanation,True,N/A,4927871,"USAA bank has taken over {$300.00} from me in the past year by refusing to permanently issue credits to my account after disputing certain transactions. - REDACTED REDACTED my car was fraudulently towed and I had to pay {$290.00}. I explained that to USAA, but Im assuming since I couldnt prove it by REDACTED they took the credit back. Not even 3 months later the business closed due to too many fraudulent tows and Im still being refused my {$300.00}. REDACTED REDACTED I ordered a {$45.00} duffel bag to take with me to give birth, but it didnt arrive on time so I bought one in person and returned the one that was mailed. During that time I got a new debit card so the funds never went back onto my card. In less than the 90 days they say it takes to investigate they closed my case and took my money, because I didnt send proof of the return when I know I did send them the email confirmation from where I ordered the item. In this case it shouldnt have been a dispute to begin with because I no longer have the item and proved it! Plus the refund was processed from the retailer so if the funds werent found at USAA they shouldve been PERMANENTLY issued but were reversed as well. REDACTED REDACTED I ordered from REDACTED REDACTED REDACTED and spent about {$92.00}. My order was delivered an hour late, the food was disgusting and even after experiencing every part of that horrible service and then some, the manager was even more rude and refused to refund me, even just partially for the horrible delivery. Id never eat there again yet was being forced into according a gift card just so he could get off of the phone. It was enough to have asked for a refund if it had been an in person transaction, but I believe I was treated that way because I was at home. I disputed this after the manager refused to help otherwise and once again before the 90 day investigation mark the funds were reversed from my account. There are a couple of other charges where I was told nothing could be done just because I was unhappy with the outcome, but isnt that the point of us being the consumer spending money? Im sure Im not the only one to expect a refund when I dont receive what Ive paid for. USAA did continue to refuse refunding any funds and told me they couldnt tell me any resources to help get my funds back. Im a REDACTED veteran with a REDACTED REDACTED REDACTED I dont have money to just throw away. Ive never had these issues at any other bank Ive had, they always do their due diligence and unfortunately in this case I was failed and let down. PS. After speaking to an agent recently I discovered that even though I have online alerts turned on I wasnt getting any emails from USAA notifying me to submit any proof/ paperwork. I didnt know about submitting anything extra till I called them to ask why the credits were reversed and I dont think I should be held liable for that since the site has numerous glitches Ive even seen myself.",-0.9915
2021-12-02,Mortgage,FHA mortgage,Struggling to pay mortgage,,[No Narrative],Company has responded to the consumer and the CFPB and chooses not to provide a public response,"LAKEVIEW LOAN SERVICING, LLC",TX,75104,,Other,Web,2021-12-02,Closed with explanation,True,N/A,4969819,[No Narrative],0.0
2022-03-17,Credit card or prepaid card,General-purpose credit card or charge card,Problem with a purchase shown on your statement,Credit card company isn't resolving a dispute about a purchase on your statement,"On XXXX I made a purchase through XXXX for an item offered by XXXX XXXX The item arrived damaged. I discovered the item after it was delivered, noted and documented the damage. I contacted XXXX requesting a return shipping label. XXXX responded, saying they do not solve third party transactions, but forwarded my complaint to the seller. However, I received email confirmation of the delivery from XXXX. At the bottom of that email, is a discloser that says XXXX handles all disputes with orders through XXXX or XXXX XXXX transactions. XXXX said via email, that the seller would contact me. In the meantime, I contacted XXXX requesting a return shipping label for the damaged item. XXXX responded after a few days with tracking number XXXX, and a XXXX XXXX arrived and took the damaged original package containing the item. I received no further communication from XXXX, and no contact ever, from the seller, XXXX XXXX. In their response to Discover, XXXX alleges that I failed to contact XXXX. Their email correspondence with me, clearly makes that statement false. I disputed the transaction through Discover, who posted a temporary credit. I uploaded evidence of the item being return to the seller, with tracking number XXXX. The seller signed a receipt for the returned item on XXXX. Some XXXX months later, Discover notified me they had received information from the seller, who contested my dispute. Discover determined the charge to be valid, based upon the response from the seller and from XXXX. Disregarding that the item was received damaged and was returned. I have again disputed this transaction, complaining of the seller 's and XXXX 's false information in their response to Discover, and their fraudulent actions. Considering the item was damaged, the seller could collect for the damaged item, with a claim through XXXX. Instead the seller is attempting to fraudulently maintain a charge for a returned item.",,DISCOVER BANK,UT,84404,,Consent provided,Web,2022-04-07,Closed with explanation,True,N/A,5332435,"On REDACTED I made a purchase through REDACTED for an item offered by REDACTED REDACTED The item arrived damaged. I discovered the item after it was delivered, noted and documented the damage. I contacted REDACTED requesting a return shipping label. REDACTED responded, saying they do not solve third party transactions, but forwarded my complaint to the seller. However, I received email confirmation of the delivery from REDACTED . At the bottom of that email, is a discloser that says REDACTED handles all disputes with orders through REDACTED or REDACTED REDACTED transactions. REDACTED said via email, that the seller would contact me. In the meantime, I contacted REDACTED requesting a return shipping label for the damaged item. REDACTED responded after a few days with tracking number REDACTED , and a REDACTED REDACTED arrived and took the damaged original package containing the item. I received no further communication from REDACTED , and no contact ever, from the seller, REDACTED REDACTED . In their response to Discover, REDACTED alleges that I failed to contact REDACTED . Their email correspondence with me, clearly makes that statement false. I disputed the transaction through Discover, who posted a temporary credit. I uploaded evidence of the item being return to the seller, with tracking number REDACTED . The seller signed a receipt for the returned item on REDACTED . Some REDACTED months later, Discover notified me they had received information from the seller, who contested my dispute. Discover determined the charge to be valid, based upon the response from the seller and from REDACTED . Disregarding that the item was received damaged and was returned. I have again disputed this transaction, complaining of the seller 's and REDACTED 's false information in their response to Discover, and their fraudulent actions. Considering the item was damaged, the seller could collect for the damaged item, with a claim through REDACTED . Instead the seller is attempting to fraudulently maintain a charge for a returned item.",-0.9914
2022-03-28,Mortgage,Other type of mortgage,Closing on a mortgage,,"In XX/XX/2021 we successfully completed our mortgage modification trial period proposed by Wells Fargo. Prior to making our final payment during the terms of the trial period we contacted Wells Fargo daily and were unable to connect with our representative by phone or email. We waited on hold for hours, were disconnected when being transferred, and when we spoke to other representatives we were told that our modification was still being processed. 

In the following nearly XXXX months since the completion of the mortgage modification trial period we have continued to make payments faithfully. We have also continued to try to get in touch with Wells Fargo only to find ourselves back in hold, having our point person changes several times, being transferred to representatives that sincerely seemed as puzzled as we are about why the modification has not been completed. 

At this point we reached out to an advocate to help us resolve the modification and move on to a more sustainable management of our mortgage with Wells Fargo going forward. Wed like the modification to be completed. 

In addition to this delay, our payments are not being fully applied as less than the prior amount, & therefore accruing additional interest inappropriately and continuing to cause damage to our credit. 

Sincerely, XXXX XXXX & XXXX XXXX",Company has responded to the consumer and the CFPB and chooses not to provide a public response,WELLS FARGO & COMPANY,ME,045XX,,Consent provided,Web,2022-03-28,Closed with explanation,True,N/A,5376471,"In REDACTED / REDACTED /2021 we successfully completed our mortgage modification trial period proposed by Wells Fargo. Prior to making our final payment during the terms of the trial period we contacted Wells Fargo daily and were unable to connect with our representative by phone or email. We waited on hold for hours, were disconnected when being transferred, and when we spoke to other representatives we were told that our modification was still being processed. In the following nearly REDACTED months since the completion of the mortgage modification trial period we have continued to make payments faithfully. We have also continued to try to get in touch with Wells Fargo only to find ourselves back in hold, having our point person changes several times, being transferred to representatives that sincerely seemed as puzzled as we are about why the modification has not been completed. At this point we reached out to an advocate to help us resolve the modification and move on to a more sustainable management of our mortgage with Wells Fargo going forward. Wed like the modification to be completed. In addition to this delay, our payments are not being fully applied as less than the prior amount, & therefore accruing additional interest inappropriately and continuing to cause damage to our credit. Sincerely, REDACTED REDACTED & REDACTED REDACTED",0.9735
2022-05-03,Checking or savings account,Checking account,Problem with a lender or other company charging your account,Transaction was not authorized,"My Citibank ATM card was skimmed, and there were 3 unauthorized withdrawal on XX/XX/2022 for the amount of {$460.00}, {$1500.00}, and {$2000.00}. I saw the transaction and informed Citibank on XX/XX/2022. I explained that I was not around the city where the transactions were occurred. I am able to provide hotel bill. Citibank denied my request for reimbursement of the authorized amount. They did not provide any document to support their decision. I appealed one time and received the same decision.",Company has responded to the consumer and the CFPB and chooses not to provide a public response,"CITIBANK, N.A.",CA,951XX,,Consent provided,Web,2022-05-03,Closed with monetary relief,True,N/A,5534484,"My Citibank ATM card was skimmed, and there were 3 unauthorized withdrawal on REDACTED / REDACTED /2022 for the amount of {$460.00}, {$1500.00}, and {$2000.00}. I saw the transaction and informed Citibank on REDACTED / REDACTED /2022. I explained that I was not around the city where the transactions were occurred. I am able to provide hotel bill. Citibank denied my request for reimbursement of the authorized amount. They did not provide any document to support their decision. I appealed one time and received the same decision.",-0.0258
2022-06-29,Mortgage,VA mortgage,Struggling to pay mortgage,,"Received a call from Rocket Mortgage representative on XX/XX/XXXX asking if I would like to apply my partial payment of XXXX towards my XXXX bill. I asked him what my bill was and he stated XXXX. At this time, I was happy with the process that had taken place with XXXX and Rocket Mortgage working together helping people in need due to Covid-19. However, this is where my complaint begins. I called XXXX and asked them how much they sent to Rocket Mortgage. They stated to me {$5900.00}. I had to call them because there was no break down toward how much was being paid out. One part of my Complaint is I would like to see the breakdown of what Rocket Morgage asked to be paid from XXXX. Reason for this is while looking over my XXXX statement on page XXXX I had seen between XX/XX/2022 to XX/XX/2022 I had occurred Foreclosure expenses of Title search ( {$220.00} ) and Appraisal Cost ( {$620.00} ). Which Should not even be in there because XXXX sent them paperwork XX/XX/2022, stating I was working with them, and I was approved for their services. However, Rocket Mortgage started the foreclosure process any ways. I talked to a representative who confirmed they did in fact received XXXX paper. I did a complaint with CFPB number XXXX. Rocket Mortgage did respond back and stopped the Foreclosure. But here is where complaint number XXXX begins. XX/XX/2022, Rocket Mortgage sent all my delinquent amount to XXXX. The XXXX guy set up an appointment to come to my house on XX/XX/XXXX, so not sure why the cost why sent out after. Even with this being all said with my application coming to you approved before Rocket Mortgage stated the Foreclosure there should not be any fees I have to pay, due to Rocket Mortgage should have never started the process. Which they did stop. when I received my XXXX Statement and did the math of what XXXX stated they paid ( {$5900.00} ) to what the automated message stated I have paid to date, ( {$5700.00} ) there was {$220.00} missing, which to me looked like the Title Search amount. But why am I still being charged the full {$850.00} for the Foreclosure fees. I read in the XXXX billing statement page XXXX "" If you do not pay this amount, you may incur additional costs and face foreclosure. '' How can you bill me foreclosure fees with that as a statement in your billing statement?",,"Rocket Mortgage, LLC",MI,496XX,Servicemember,Consent provided,Web,2022-06-29,Closed with explanation,True,N/A,5722354,"Received a call from Rocket Mortgage representative on REDACTED_DATE asking if I would like to apply my partial payment of REDACTED towards my REDACTED bill. I asked him what my bill was and he stated REDACTED . At this time, I was happy with the process that had taken place with REDACTED and Rocket Mortgage working together helping people in need due to Covid-19. However, this is where my complaint begins. I called REDACTED and asked them how much they sent to Rocket Mortgage. They stated to me {$5900.00}. I had to call them because there was no break down toward how much was being paid out. One part of my Complaint is I would like to see the breakdown of what Rocket Morgage asked to be paid from REDACTED . Reason for this is while looking over my REDACTED statement on page REDACTED I had seen between REDACTED / REDACTED /2022 to REDACTED / REDACTED /2022 I had occurred Foreclosure expenses of Title search ( {$220.00} ) and Appraisal Cost ( {$620.00} ). Which Should not even be in there because REDACTED sent them paperwork REDACTED / REDACTED /2022, stating I was working with them, and I was approved for their services. However, Rocket Mortgage started the foreclosure process any ways. I talked to a representative who confirmed they did in fact received REDACTED paper. I did a complaint with CFPB number REDACTED . Rocket Mortgage did respond back and stopped the Foreclosure. But here is where complaint number REDACTED begins. REDACTED / REDACTED /2022, Rocket Mortgage sent all my delinquent amount to REDACTED . The REDACTED guy set up an appointment to come to my house on REDACTED_DATE , so not sure why the cost why sent out after. Even with this being all said with my application coming to you approved before Rocket Mortgage stated the Foreclosure there should not be any fees I have to pay, due to Rocket Mortgage should have never started the process. Which they did stop. when I received my REDACTED Statement and did the math of what REDACTED stated they paid ( {$5900.00} ) to what the automated message stated I have paid to date, ( {$5700.00} ) there was {$220.00} missing, which to me looked like the Title Search amount. But why am I still being charged the full {$850.00} for the Foreclosure fees. I read in the REDACTED billing statement page REDACTED "" If you do not pay this amount, you may incur additional costs and face foreclosure. '' How can you bill me foreclosure fees with that as a statement in your billing statement?",-0.8083
2022-07-26,Mortgage,Conventional home mortgage,Applying for a mortgage or refinancing an existing mortgage,,"XXXX XXXX XXXX XXXX XXXX XXXX XXXX XXXX XXXX XXXX XXXX XXXX XXXX XXXX XXXX XXXX XXXX , XXXX XXXX XXXX XXXX XXXX Mortgage Servicer : Select Portfolio Services Inc XXXX XXXX XXXX XXXX XXXX XXXX XXXX XXXX , XXXX XXXX XXXX ( Ombudsman Department ) Note Holder Listed at XXXX XXXX XXXX XXXX Clerk of Court and SPS : XXXX XXXX XXXX XXXX XXXX , as Trustee for the benefit of the XXXXXXXX XXXX XXXX XXXX XXXX XXXX XXXX XXXX XXXX XXXX. 


XX/XX/XXXX XXXX XXXX XXXX XXXX XXXX XXXX XXXX ( Property Owner/Land Lord/ XXXX XXXX signed a lease agreement with XXXX XXXX ( XXXX XXXX XXXX XXXX for less than 1 acre of land located at XXXX XXXX XXXX, XXXX, GA XXXX, XXXX XXXX XXXX XXXX XXXX signed their copy on XX/XX/XXXX. This agreement is for a lease, not a purchase, of less than 1 acre of land contained in a plot of 19.75 acres. The option is one year from signing and can be extended one more year, although XXXX XXXX has not extended as of XX/XX/XXXX. [ XXXX ] XXXX XXXX requires the current mortgage company or mortgage servicing company to sign Mortgage Subordination Agreement with the understanding if mortgagor defaults then the lease agreement will stand with lien holder ( Note Holder ). Phone Contact was made with Select Portfolio Servicing, Inc ( Hereafter refered to as SPS ) requesting the exact department and mailing address to send Mortgage Subordination Agreement. ( See Phone Log XX/XX/XXXX ). The Mortgage Subordination Agreement was sent to SPS on XX/XX/XXXX. [ 2 ] SPS acknowledge receipt of XX/XX/XXXX correspondence with their letter dated XX/XX/XXXX. [ 3 ] Mortgagors made several calls to SPS requesting the status of their completion of the Mortgage Subordination Agreement. SPSs reply was general in stating, it is under review, awaiting management review, or with underwriters ( Phone Log XX/XX/XXXX XXXX XX/XX/XXXX ) XX/XX/XXXX, after no contact or progress with the Mortgage Subordination Agreement, mortgagors sent a second letter of explanation requesting status. [ 4 ] SPS returned to the Mortgagor a General Acknowledgement Letter dated XX/XX/XXXX. [ 5 ] Mortgagors called SPS twice on XX/XX/XXXX. ( Phone Log ) SPS emailed mortgagors on XX/XX/XXXX requesting : [ 6 ] 1 ) Updated fully prepared consent of Mortgage Subordination Agreement. Which states Select Portfolio Servicing, Inc as attorney in fact for XXXX XXXX XXXX XXXX XXXX, as Trustee for the benefit of the XXXX XXXX XXXX XXXX XXXX XXXX XXXX XXXX XXXX 

2 ) An Appraisal with Impact Study stating how value of property will be affected. 

XXXX XXXX, mortgagors contact person for XXXX XXXX, emailed the requested Mortgage Subordination Agreement showing the exact wording on XX/XX/XXXX and again on XX/XX/XXXX as requested an editable version. 

XX/XX/XXXX the aforementioned mortgage was sold to XXXX XXXX XXXX XXXX  XXXX, as Trustee for the benefit of the XXXX XXXX XXXX XXXX XXXX XXXX XXXX XXXX  XXXX2. [ 7 ] Mortgagors still have not received letter stating mortgage was sold. Mortgagors retrieved sell information from XXXX XXXX Clerks Office. 

The requested information, Appraisal/Impact Study, SPS required from mortgagors on XX/XX/XXXX was sent via regular mail on XX/XX/XXXX. Several calls from mortgagor to SPS were placed to check status of Mortgage Subordination Agreement and receipt of Appraisal/Impact Study. ( Call Log XX/XX/XXXX, XX/XX/XXXX. ) SPS General Acknowledgement Letter dated XX/XX/XXXX was issued. [ 8 ] SPS stated to mortgagors that they never received the Appraisal/Impact Study from XX/XX/XXXX. Mortgagors again sent the Appraisal/Impact Study with delivery confirmation, showing delivery on XX/XX/XXXX at XXXXXXXX XXXX. Mortgagors called SPS inquiring about receipt of Appraisal/Impact Study several times in XXXX. ( Call Log XX/XX/XXXX, XX/XX/XXXX, XX/XX/XXXX, XX/XX/XXXX, XX/XX/XXXX, XX/XX/XXXX. ) SPS insisted the Appraisal/Impact Study had not been delivered, which mortgagor informed SPS it was tracked through USPS and they, ( USPS ) , showed the document had arrived. [ 9 ] SPS moments later stated they found it. 

As seen above, the Mortgagor has made more than reasonable attempts to have SPS complete the Mortgage Subordination Agreement and return to the Mortgagor or XXXX XXXX. To date this has not occurred in what any prudent person would believe was a reasonable time frame. It is the belief of the Mortgagor that SPS and or the Underwriters, they mention but fail to identify, have engaged in procrastination and evasive practices that have disallowed the Mortgagor the full use and freedom of the property deeded to them and Identified as XXXX XXXX XXXX. XXXX, XXXX This unreasonable delay has cost mortgagors approximately {$10000.00} in rental income to date and SPS continued procrastination might possibly cause the lease to terminate. If the lease terminates the lost rental income for mortgagors and their heirs is just shy of {>= $1,000,000}. 

In XX/XX/XXXX, a new Strategic Plan was unveiled by the Federal Finance Housing Agency  ( Hereafter referred to as FHFA ), for the conservatorships of XXXX XXXX XXXX XXXX XXXX. The Plan provides a structure for how FHFA  will usher XXXX XXXX and XXXX XXXX  to realize their statutory missions, center on safety and stability and prepare for a successful conclusion to the conservatorships. 
The three listed objectives of this XX/XX/XXXX new Strategic Plan state, XXXX XXXX and XXXX XXXX : Focus on their core mission responsibilities to foster competitive, liquid, efficient and resilient national housing finance markets that support sustainable homeownership and affordable rental housing ; Operate in a safe and sound manner appropriate for entities in conservatorship ; and Prepare for their eventual exits from the conservatorships. 

In XXXX, XXXX  also released a new annual Conservatorship Scorecard for XXXX XXXX XXXX XXXX XXXX This new XXXX Scorecard aligns tactical priorities and execution at XXXX XXXX XXXX XXXX XXXX to the XXXX Strategic Plan and serves as one of the tools to be utilized in holding them accountable for its effective implementation. [ 10 ] SPS is the Servicer for the XXXX  XXXX, which is a combined mortgage certificate Trust. According to the executed Pooling and Service Agreement for the XXXX XXXX XXXX, SPS can sign the subordination agreement because the lease improves the property value, with the installation of a utility. 

Call Log Calls to Select Portfolio Servicing XXXX Date. Time. Number. Origination. Destination. XXXX XX/XX/XXXX. XXXXXXXX XXXX XXXX XXXX XXXX XXXX XXXX XXXX XXXX XXXX XXXX XXXX XXXX XXXX XXXX XXXX XXXX XXXX XXXX XXXX XXXX XXXX XXXX XXXX XXXX XXXX XXXX XXXX XXXX XXXX XXXX XXXX XXXX XXXX XXXX XXXX XXXX XXXX XXXX XXXX XXXX XXXX XXXX XXXX XXXX XXXX XXXX XXXX XXXX XXXX XXXX XXXX XXXX XXXX XXXX XXXX XXXX XXXX XXXX XXXX XXXX XXXX XXXX XXXX XXXX XXXX XXXX XXXX XXXX XXXX XXXX XXXX XXXX XXXX XXXX XXXX XXXX XXXX XXXX XXXX XXXX XXXX XXXX XXXX XXXX XXXX XXXX XXXX XXXX XXXX XXXX XXXX XXXX XXXX XXXX XXXX XXXX XXXX XXXX XXXX XXXX XXXX XXXX XXXX XXXX XXXX XXXX XXXX XXXX XXXX XXXX XXXX XXXX XXXX XXXX XXXX XXXX XXXX XXXX XXXX XXXX XXXX XXXX XXXX XXXX XXXX XXXX XXXX XXXX XXXX XXXX XXXX XXXX XXXX XXXX XXXX XXXX XXXX XXXX XXXX XXXX XXXX XXXX XXXX XXXX XXXX XXXX XXXX XXXX XXXX XXXX XXXX XXXX XXXX XXXX XXXX XXXX XXXX XXXX XXXX XXXX XXXX XXXX XXXX XXXX XXXX XXXX XXXX XXXX XXXX XXXX XXXX XXXX XXXX XXXX XXXX XXXX XXXX XXXX XXXX XXXX XXXX XXXX XXXX XXXX XXXX XXXX XXXX XXXX XXXX XXXX XXXX XXXX XXXX XXXX XXXX XXXX XXXX XXXX XXXX XXXX XXXX XXXX XXXX XXXX XXXX XXXX XXXX XXXX XXXX XXXX XXXX XXXX XXXX XXXX XXXX XXXX XXXX XXXX XXXX XXXX XXXX XXXX XXXX XXXX XXXX XXXX XXXX XXXX XXXX XXXX XXXX XXXX XXXX XXXX XXXX XXXX XXXX XXXX XXXX XXXX XXXX XXXX XXXX XXXX XXXX XXXX XXXX XXXX XXXX XXXX XXXX XXXX XXXX XXXX XXXX XXXX XXXX XXXX XXXX XXXX XXXX XXXX XXXX XXXX XXXX XXXX XXXX XXXX XXXX XXXX XXXX XXXX XXXX XXXX XXXX XXXX XXXX XXXX XXXX XXXX XXXX XXXX XXXX XXXX XXXX XXXX XXXX XXXX XXXX XXXX XXXX XXXX XXXX XXXX XXXX XXXX XXXX XXXX XXXX XXXX XXXX XXXX XXXX XXXX XXXX XXXX XXXX XXXX XXXX XXXX XXXX XXXX XXXX XXXX XXXX XXXX XXXX XXXXXXXX Mortgage Subordination Agreement [ 2 ] Letter from Mortgagors to SPS Dated XX/XX/XXXX [ 3 ] General Acknowledgement Letter from SPS to Mortgagors XX/XX/XXXX [ 4 ] XX/XX/XXXX Mortgagors letter of Explanation to SPS [ 5 ] General Acknowledgement Letter from SPS to Mortgagors XX/XX/XXXX [ 6 ] Email from SPS Ombudsman Department Dated XX/XX/XXXX [ 7 ] XX/XX/XXXX letter from SPS to mortgagors, who requested lien holder contact information on XX/XX/XXXX. 
[ 8 ] General Acknowledgement Letter from SPS to Mortgagors XX/XX/XXXX, XXXX [ 9 ] XX/XX/XXXX USPS Tracking [ XXXX ] XXXX : XXXX",Company believes it acted appropriately as authorized by contract or law,"SELECT PORTFOLIO SERVICING, INC.",GA,316XX,,Consent provided,Web,2022-08-11,Closed with explanation,True,N/A,5814593,"REDACTED REDACTED REDACTED REDACTED REDACTED REDACTED REDACTED REDACTED REDACTED REDACTED REDACTED REDACTED REDACTED REDACTED REDACTED REDACTED REDACTED , REDACTED REDACTED REDACTED REDACTED REDACTED Mortgage Servicer : Select Portfolio Services Inc REDACTED REDACTED REDACTED REDACTED REDACTED REDACTED REDACTED REDACTED , REDACTED REDACTED REDACTED ( Ombudsman Department ) Note Holder Listed at REDACTED REDACTED REDACTED REDACTED Clerk of Court and SPS : REDACTED REDACTED REDACTED REDACTED REDACTED , as Trustee for the benefit of the REDACTED REDACTED REDACTED REDACTED REDACTED REDACTED REDACTED REDACTED REDACTED REDACTED . REDACTED_DATE REDACTED REDACTED REDACTED REDACTED REDACTED REDACTED REDACTED ( Property Owner/Land Lord/ REDACTED REDACTED signed a lease agreement with REDACTED REDACTED ( REDACTED REDACTED REDACTED REDACTED for less than 1 acre of land located at REDACTED REDACTED REDACTED , REDACTED , GA REDACTED , REDACTED REDACTED REDACTED REDACTED REDACTED signed their copy on REDACTED_DATE . This agreement is for a lease, not a purchase, of less than 1 acre of land contained in a plot of 19.75 acres. The option is one year from signing and can be extended one more year, although REDACTED REDACTED has not extended as of REDACTED_DATE . [ REDACTED ] REDACTED REDACTED requires the current mortgage company or mortgage servicing company to sign Mortgage Subordination Agreement with the understanding if mortgagor defaults then the lease agreement will stand with lien holder ( Note Holder ). Phone Contact was made with Select Portfolio Servicing, Inc ( Hereafter refered to as SPS ) requesting the exact department and mailing address to send Mortgage Subordination Agreement. ( See Phone Log REDACTED_DATE ). The Mortgage Subordination Agreement was sent to SPS on REDACTED_DATE . [ 2 ] SPS acknowledge receipt of REDACTED_DATE correspondence with their letter dated REDACTED_DATE . [ 3 ] Mortgagors made several calls to SPS requesting the status of their completion of the Mortgage Subordination Agreement. SPSs reply was general in stating, it is under review, awaiting management review, or with underwriters ( Phone Log REDACTED_DATE REDACTED REDACTED_DATE ) REDACTED_DATE , after no contact or progress with the Mortgage Subordination Agreement, mortgagors sent a second letter of explanation requesting status. [ 4 ] SPS returned to the Mortgagor a General Acknowledgement Letter dated REDACTED_DATE . [ 5 ] Mortgagors called SPS twice on REDACTED_DATE . ( Phone Log ) SPS emailed mortgagors on REDACTED_DATE requesting : [ 6 ] 1 ) Updated fully prepared consent of Mortgage Subordination Agreement. Which states Select Portfolio Servicing, Inc as attorney in fact for REDACTED REDACTED REDACTED REDACTED REDACTED , as Trustee for the benefit of the REDACTED REDACTED REDACTED REDACTED REDACTED REDACTED REDACTED REDACTED REDACTED 2 ) An Appraisal with Impact Study stating how value of property will be affected. REDACTED REDACTED , mortgagors contact person for REDACTED REDACTED , emailed the requested Mortgage Subordination Agreement showing the exact wording on REDACTED_DATE and again on REDACTED_DATE as requested an editable version. REDACTED_DATE the aforementioned mortgage was sold to REDACTED REDACTED REDACTED REDACTED REDACTED , as Trustee for the benefit of the REDACTED REDACTED REDACTED REDACTED REDACTED REDACTED REDACTED REDACTED REDACTED 2. [ 7 ] Mortgagors still have not received letter stating mortgage was sold. Mortgagors retrieved sell information from REDACTED REDACTED Clerks Office. The requested information, Appraisal/Impact Study, SPS required from mortgagors on REDACTED_DATE was sent via regular mail on REDACTED_DATE . Several calls from mortgagor to SPS were placed to check status of Mortgage Subordination Agreement and receipt of Appraisal/Impact Study. ( Call Log REDACTED_DATE , REDACTED_DATE . ) SPS General Acknowledgement Letter dated REDACTED_DATE was issued. [ 8 ] SPS stated to mortgagors that they never received the Appraisal/Impact Study from REDACTED_DATE . Mortgagors again sent the Appraisal/Impact Study with delivery confirmation, showing delivery on REDACTED_DATE at REDACTED REDACTED . Mortgagors called SPS inquiring about receipt of Appraisal/Impact Study several times in REDACTED . ( Call Log REDACTED_DATE , REDACTED_DATE , REDACTED_DATE , REDACTED_DATE , REDACTED_DATE , REDACTED_DATE . ) SPS insisted the Appraisal/Impact Study had not been delivered, which mortgagor informed SPS it was tracked through USPS and they, ( USPS ) , showed the document had arrived. [ 9 ] SPS moments later stated they found it. As seen above, the Mortgagor has made more than reasonable attempts to have SPS complete the Mortgage Subordination Agreement and return to the Mortgagor or REDACTED REDACTED . To date this has not occurred in what any prudent person would believe was a reasonable time frame. It is the belief of the Mortgagor that SPS and or the Underwriters, they mention but fail to identify, have engaged in procrastination and evasive practices that have disallowed the Mortgagor the full use and freedom of the property deeded to them and Identified as REDACTED REDACTED REDACTED . REDACTED , REDACTED This unreasonable delay has cost mortgagors approximately {$10000.00} in rental income to date and SPS continued procrastination might possibly cause the lease to terminate. If the lease terminates the lost rental income for mortgagors and their heirs is just shy of {>= $1,000,000}. In REDACTED_DATE , a new Strategic Plan was unveiled by the Federal Finance Housing Agency ( Hereafter referred to as FHFA ), for the conservatorships of REDACTED REDACTED REDACTED REDACTED REDACTED . The Plan provides a structure for how FHFA will usher REDACTED REDACTED and REDACTED REDACTED to realize their statutory missions, center on safety and stability and prepare for a successful conclusion to the conservatorships. The three listed objectives of this REDACTED_DATE new Strategic Plan state, REDACTED REDACTED and REDACTED REDACTED : Focus on their core mission responsibilities to foster competitive, liquid, efficient and resilient national housing finance markets that support sustainable homeownership and affordable rental housing ; Operate in a safe and sound manner appropriate for entities in conservatorship ; and Prepare for their eventual exits from the conservatorships. In REDACTED , REDACTED also released a new annual Conservatorship Scorecard for REDACTED REDACTED REDACTED REDACTED REDACTED This new REDACTED Scorecard aligns tactical priorities and execution at REDACTED REDACTED REDACTED REDACTED REDACTED to the REDACTED Strategic Plan and serves as one of the tools to be utilized in holding them accountable for its effective implementation. [ 10 ] SPS is the Servicer for the REDACTED REDACTED , which is a combined mortgage certificate Trust. According to the executed Pooling and Service Agreement for the REDACTED REDACTED REDACTED , SPS can sign the subordination agreement because the lease improves the property value, with the installation of a utility. Call Log Calls to Select Portfolio Servicing REDACTED Date. Time. Number. Origination. Destination. REDACTED REDACTED_DATE . REDACTED REDACTED REDACTED REDACTED REDACTED REDACTED REDACTED REDACTED REDACTED REDACTED REDACTED REDACTED REDACTED REDACTED REDACTED REDACTED REDACTED REDACTED REDACTED REDACTED REDACTED REDACTED REDACTED REDACTED REDACTED REDACTED REDACTED REDACTED REDACTED REDACTED REDACTED REDACTED REDACTED REDACTED REDACTED REDACTED REDACTED REDACTED REDACTED REDACTED REDACTED REDACTED REDACTED REDACTED REDACTED REDACTED REDACTED REDACTED REDACTED REDACTED REDACTED REDACTED REDACTED REDACTED REDACTED REDACTED REDACTED REDACTED REDACTED REDACTED REDACTED REDACTED REDACTED REDACTED REDACTED REDACTED REDACTED REDACTED REDACTED REDACTED REDACTED REDACTED REDACTED REDACTED REDACTED REDACTED REDACTED REDACTED REDACTED REDACTED REDACTED REDACTED REDACTED REDACTED REDACTED REDACTED REDACTED REDACTED REDACTED REDACTED REDACTED REDACTED REDACTED REDACTED REDACTED REDACTED REDACTED REDACTED REDACTED REDACTED REDACTED REDACTED REDACTED REDACTED REDACTED REDACTED REDACTED REDACTED REDACTED REDACTED REDACTED REDACTED REDACTED REDACTED REDACTED REDACTED REDACTED REDACTED REDACTED REDACTED REDACTED REDACTED REDACTED REDACTED REDACTED REDACTED REDACTED REDACTED REDACTED REDACTED REDACTED REDACTED REDACTED REDACTED REDACTED REDACTED REDACTED REDACTED REDACTED REDACTED REDACTED REDACTED REDACTED REDACTED REDACTED REDACTED REDACTED REDACTED REDACTED REDACTED REDACTED REDACTED REDACTED REDACTED REDACTED REDACTED REDACTED REDACTED REDACTED REDACTED REDACTED REDACTED REDACTED REDACTED REDACTED REDACTED REDACTED REDACTED REDACTED REDACTED REDACTED REDACTED REDACTED REDACTED REDACTED REDACTED REDACTED REDACTED REDACTED REDACTED REDACTED REDACTED REDACTED REDACTED REDACTED REDACTED REDACTED REDACTED REDACTED REDACTED REDACTED REDACTED REDACTED REDACTED REDACTED REDACTED REDACTED REDACTED REDACTED REDACTED REDACTED REDACTED REDACTED REDACTED REDACTED REDACTED REDACTED REDACTED REDACTED REDACTED REDACTED REDACTED REDACTED REDACTED REDACTED REDACTED REDACTED REDACTED REDACTED REDACTED REDACTED REDACTED REDACTED REDACTED REDACTED REDACTED REDACTED REDACTED REDACTED REDACTED REDACTED REDACTED REDACTED REDACTED REDACTED REDACTED REDACTED REDACTED REDACTED REDACTED REDACTED REDACTED REDACTED REDACTED REDACTED REDACTED REDACTED REDACTED REDACTED REDACTED REDACTED REDACTED REDACTED REDACTED REDACTED REDACTED REDACTED REDACTED REDACTED REDACTED REDACTED REDACTED REDACTED REDACTED REDACTED REDACTED REDACTED REDACTED REDACTED REDACTED REDACTED REDACTED REDACTED REDACTED REDACTED REDACTED REDACTED REDACTED REDACTED REDACTED REDACTED REDACTED REDACTED REDACTED REDACTED REDACTED REDACTED REDACTED REDACTED REDACTED REDACTED REDACTED REDACTED REDACTED REDACTED REDACTED REDACTED REDACTED REDACTED REDACTED REDACTED REDACTED REDACTED REDACTED REDACTED REDACTED REDACTED REDACTED REDACTED REDACTED REDACTED REDACTED REDACTED REDACTED REDACTED REDACTED REDACTED REDACTED REDACTED Mortgage Subordination Agreement [ 2 ] Letter from Mortgagors to SPS Dated REDACTED_DATE [ 3 ] General Acknowledgement Letter from SPS to Mortgagors REDACTED_DATE [ 4 ] REDACTED_DATE Mortgagors letter of Explanation to SPS [ 5 ] General Acknowledgement Letter from SPS to Mortgagors REDACTED_DATE [ 6 ] Email from SPS Ombudsman Department Dated REDACTED_DATE [ 7 ] REDACTED_DATE letter from SPS to mortgagors, who requested lien holder contact information on REDACTED_DATE . [ 8 ] General Acknowledgement Letter from SPS to Mortgagors REDACTED_DATE , REDACTED [ 9 ] REDACTED_DATE USPS Tracking [ REDACTED ] REDACTED : REDACTED",0.9974
2022-08-23,Checking or savings account,Checking account,Closing an account,Can't close your account,[No Narrative],,JPMORGAN CHASE & CO.,HI,96819,Older American,Consent not provided,Web,2022-08-23,Closed with explanation,True,N/A,5909791,[No Narrative],0.0
2022-10-20,Credit card or prepaid card,General-purpose credit card or charge card,Getting a credit card,Sent card you never applied for,[No Narrative],Company has responded to the consumer and the CFPB and chooses not to provide a public response,SYNCHRONY FINANCIAL,CA,90034,,N/A,Referral,2022-10-20,Closed with non-monetary relief,True,N/A,6110467,[No Narrative],0.0
2022-10-27,Credit card or prepaid card,Store credit card,Problem when making payments,Problem during payment process,[No Narrative],,"Bread Financial Holdings, Inc.",FL,32812,,N/A,Referral,2022-10-31,Closed with monetary relief,True,N/A,6149052,[No Narrative],0.0
2022-12-10,Checking or savings account,Checking account,Problem with a lender or other company charging your account,Transaction was not authorized,"On XX/XX/22 My XXXX and my USBank Account was hacked. Sending a charge of XXXX Dollars to someone through XXXX, and a charge of XXXX through XXXX. I immediately changed my password on XXXX and called USBank to submit a claim as fraud. I didn't even have to lock my account because USBank flagged it immediately as fraud. I was informed it would take XXXX to 90 days for my dispute to be solved. When I called a week later to check up on the status of my claim, they informed me that they admit it was fraud but that my request was denied, and I would receive a letter in the mail if I disagreed. XXXX dollars is my livelihood and USBank has not worked with me at all in trying to investigate this very clear act of fraud that they ADMITTED TO. I have called USBank 8 times since this all started. I have gone inside 4 USBank to try to talk to a personal banker or someone who can do some further investigation. Even setting up another account to transfer my money to as been completely unprofessional. The response is always there is nothing that can be done ; they're not in charge of that department. On Tuesday XX/XX/XXXX I went into two more bank branches the same treatment of dismissing me with the words there's no number I can call, only an email. I've emailed the Fraud department about my concern, no reply. I have been a loyal customer of USBank for years and to be treated like that amount stolen from me doesn't matter is absolutely ridiculous. I have not been asked any questions to further the investigation, I have not been called or treated with any respect. To have to find out my request was denied while also admitting to fraud is completely illegal. I am going to go into a bank branch every single day until I get my money back. I will call and call until someone speaks to be about this issue and can explain how money I never authorized can not be returned to me. I called the very same day it was taken from me. I reached out to XXXX there's an investigation going on there as well. I have contacted XXXX 's chat agent twice on XX/XX/XXXX and XX/XX/XXXX and XX/XX/XXXX about the matter of disputing the XXXX sent over from my bank account over to another user. Whoever hacked my XXXX must have accidently sent the money to the wrong user because that user is my roommate. She forwarded the money back to me. XXXX claims to dispute that the money should have never been sent they need to contact the user but have not done so. I am a single woman trying to support myself and I can not have all of my savings I've worked hard for years to be taken in just one day, and to have these companies say they can do nothing about this issue.",Company has responded to the consumer and the CFPB and chooses not to provide a public response,U.S. BANCORP,NE,68106,,Consent provided,Web,2022-12-10,Closed with explanation,True,N/A,6303627,"On REDACTED / REDACTED /22 My REDACTED and my USBank Account was hacked. Sending a charge of REDACTED Dollars to someone through REDACTED , and a charge of REDACTED through REDACTED . I immediately changed my password on REDACTED and called USBank to submit a claim as fraud. I didn't even have to lock my account because USBank flagged it immediately as fraud. I was informed it would take REDACTED to 90 days for my dispute to be solved. When I called a week later to check up on the status of my claim, they informed me that they admit it was fraud but that my request was denied, and I would receive a letter in the mail if I disagreed. REDACTED dollars is my livelihood and USBank has not worked with me at all in trying to investigate this very clear act of fraud that they ADMITTED TO. I have called USBank 8 times since this all started. I have gone inside 4 USBank to try to talk to a personal banker or someone who can do some further investigation. Even setting up another account to transfer my money to as been completely unprofessional. The response is always there is nothing that can be done ; they're not in charge of that department. On Tuesday REDACTED_DATE I went into two more bank branches the same treatment of dismissing me with the words there's no number I can call, only an email. I've emailed the Fraud department about my concern, no reply. I have been a loyal customer of USBank for years and to be treated like that amount stolen from me doesn't matter is absolutely ridiculous. I have not been asked any questions to further the investigation, I have not been called or treated with any respect. To have to find out my request was denied while also admitting to fraud is completely illegal. I am going to go into a bank branch every single day until I get my money back. I will call and call until someone speaks to be about this issue and can explain how money I never authorized can not be returned to me. I called the very same day it was taken from me. I reached out to REDACTED there's an investigation going on there as well. I have contacted REDACTED 's chat agent twice on REDACTED_DATE and REDACTED_DATE and REDACTED_DATE about the matter of disputing the REDACTED sent over from my bank account over to another user. Whoever hacked my REDACTED must have accidently sent the money to the wrong user because that user is my roommate. She forwarded the money back to me. REDACTED claims to dispute that the money should have never been sent they need to contact the user but have not done so. I am a single woman trying to support myself and I can not have all of my savings I've worked hard for years to be taken in just one day, and to have these companies say they can do nothing about this issue.",-0.9937
2023-01-18,Mortgage,Conventional home mortgage,Trouble during payment process,,"The previous servicer ( XXXX XXXX & XXXX XXXX XXXX ) received a wire for {$49000.00} on XX/XX/XXXX. My loan was transferred to another company on XX/XX/XXXX, the funds did not transfer with the loan. I have bee trying to get XXXX to send the funds to the new company for almost 2 months now. I called the XXXX today, XX/XX/XXXX, now they are telling me they still have not wired the funds when multiple managers assure the funds had already been sent to new company. ( stated they wired your company the {$49000.00} that was received by them. Below is the bogus wire info from there XXXX XXXX # XXXX confirmation # XXXX I need these funds posted to my loan. None of my funds need to be applied the inspection and FC fees, its not valid and you all and the previous company are investigating. The funds will bring my loan current plus payment for 3 future months, use funds to cover my escrow shortage, then place remaining funds in unapplied. 

In additional, XXXX has legal fees and inspection fees when I was on the COVID-FB, then tried to get mod sent with updated dates. I was protected by the Cares Act, there is no reason my loan should have gone into foreclosure, I kept constant contact. I keep getting the run around. 

You all need to do your job and reach out to XXXX. You both have me playing the middle guy when yall need to communicate. WHERE IS THE {$49000.00}?!?",,"MONEY SOURCE, INC., THE",GA,30213,,Consent provided,Web,2023-01-18,Closed with explanation,True,N/A,6447371,"The previous servicer ( REDACTED REDACTED & REDACTED REDACTED REDACTED ) received a wire for {$49000.00} on REDACTED_DATE . My loan was transferred to another company on REDACTED_DATE , the funds did not transfer with the loan. I have bee trying to get REDACTED to send the funds to the new company for almost 2 months now. I called the REDACTED today, REDACTED_DATE , now they are telling me they still have not wired the funds when multiple managers assure the funds had already been sent to new company. ( stated they wired your company the {$49000.00} that was received by them. Below is the bogus wire info from there REDACTED REDACTED # REDACTED confirmation # REDACTED I need these funds posted to my loan. None of my funds need to be applied the inspection and FC fees, its not valid and you all and the previous company are investigating. The funds will bring my loan current plus payment for 3 future months, use funds to cover my escrow shortage, then place remaining funds in unapplied. In additional, REDACTED has legal fees and inspection fees when I was on the COVID-FB, then tried to get mod sent with updated dates. I was protected by the Cares Act, there is no reason my loan should have gone into foreclosure, I kept constant contact. I keep getting the run around. You all need to do your job and reach out to REDACTED . You both have me playing the middle guy when yall need to communicate. WHERE IS THE {$49000.00}?!?",0.7685
2023-03-02,Credit card or prepaid card,General-purpose credit card or charge card,Credit monitoring or identity theft protection services,Problem canceling credit monitoring or identify theft protection service,[No Narrative],,CAPITAL ONE FINANCIAL CORPORATION,NC,28144,,N/A,Referral,2023-03-02,Closed with non-monetary relief,True,N/A,6639595,[No Narrative],0.0
2023-05-18,Checking or savings account,Checking account,Managing an account,Funds not handled or disbursed as instructed,[No Narrative],Company has responded to the consumer and the CFPB and chooses not to provide a public response,TRUIST FINANCIAL CORPORATION,NC,27408,Older American,Consent not provided,Web,2023-05-18,Closed with explanation,True,N/A,6993839,[No Narrative],0.0
2023-06-19,Checking or savings account,Checking account,Managing an account,Problem using a debit or ATM card,[No Narrative],,Chime Financial Inc,MI,49617,,Consent not provided,Web,2023-06-19,Closed with monetary relief,True,N/A,7138788,[No Narrative],0.0
2023-06-24,Checking or savings account,Checking account,Closing an account,Funds not received from closed account,"On XX/XX/XXXX I tried to log in to my online banking access was denied, then I call Citi bank to find out if their system is down they told me they have closed my account due to suspicious activity, they said my check from my employer with my name and everything has been returned I told them let me call my employer they told me no need to that their decision was final. I asked about my funds they told me I will be able to access them after investigation that may take up to 60 days. I have a checking and a saving with about XXXX XXXX or more. What am I going to do how am i going to pay my bills Ps : the check amount was XXXXXXXX XXXX CITI BANK IS UNFAIR TO CONSUMERS",Company has responded to the consumer and the CFPB and chooses not to provide a public response,"CITIBANK, N.A.",NJ,07111,,Consent provided,Web,2023-06-24,Closed with explanation,True,N/A,7161512,"On REDACTED_DATE I tried to log in to my online banking access was denied, then I call Citi bank to find out if their system is down they told me they have closed my account due to suspicious activity, they said my check from my employer with my name and everything has been returned I told them let me call my employer they told me no need to that their decision was final. I asked about my funds they told me I will be able to access them after investigation that may take up to 60 days. I have a checking and a saving with about REDACTED REDACTED or more. What am I going to do how am i going to pay my bills Ps : the check amount was REDACTED REDACTED CITI BANK IS UNFAIR TO CONSUMERS",-0.8964
2023-10-12,Credit card,General-purpose credit card or charge card,Fees or interest,Problem with fees,"old navy, Barclays Mastercard is a very frustrating card. even though i paid by balance in full every month, i was still charged interest. this happened for several months and then i locked the account. 
even though the account is locked, i am still being charged and then they added late fees and interest. 
i tried talking to the company, but they wont fix this",Company has responded to the consumer and the CFPB and chooses not to provide a public response,BARCLAYS BANK DELAWARE,NY,XXXXX,,Consent provided,Web,2023-10-12,Closed with explanation,True,N/A,7689574,"old navy, Barclays Mastercard is a very frustrating card. even though i paid by balance in full every month, i was still charged interest. this happened for several months and then i locked the account. even though the account is locked, i am still being charged and then they added late fees and interest. i tried talking to the company, but they wont fix this",0.0267
2023-10-17,Credit card,General-purpose credit card or charge card,"Advertising and marketing, including promotional offers",Didn't receive advertised or promotional terms,"Amex showed an introductory of 0 % APR for 12 months, from the account activation date. When I received my card, the disclosures did not include the offer. I reached out to Amex, and they advised a specialized team would look into it in the next billing cycle. This is bait and switch. they need to make it right. It was because of this offer is why my wife and I choose this Amex card,.",,AMERICAN EXPRESS COMPANY,MI,48071,,Consent provided,Web,2023-10-17,Closed with explanation,True,N/A,7712572,"Amex showed an introductory of 0 % APR for 12 months, from the account activation date. When I received my card, the disclosures did not include the offer. I reached out to Amex, and they advised a specialized team would look into it in the next billing cycle. This is bait and switch. they need to make it right. It was because of this offer is why my wife and I choose this Amex card,.",0.1027
2023-12-30,Credit card,General-purpose credit card or charge card,Problem with a purchase shown on your statement,Credit card company isn't resolving a dispute about a purchase on your statement,"MY CARD WAS LOST AND THERE WAS CHARGES ON THE ACCOUNT I DID NOT AUTHORIZE BY SOMEONE ELS, I CALLED THE BANK AND TOLD THEM ALSO MY PHONE NUMBER WAS NOT UPDATED ON THE ACCOUNT AND SOMEONE VERIFIED THE CODE SAYING IT WAS ME MAKING THE TRANSACTION AND IT WAS NOT ME OR ANYONE I KNOW. THE TOTAL WAS {$6600.00} ON THE FRAUDULENT CHARGES ON THE ACCOUNT.",Company has responded to the consumer and the CFPB and chooses not to provide a public response,FIRST NATIONAL BANK OF OMAHA,FL,34741,,Consent provided,Web,2024-01-04,Closed with explanation,True,N/A,8084464,"MY CARD WAS LOST AND THERE WAS CHARGES ON THE ACCOUNT I DID NOT AUTHORIZE BY SOMEONE ELS, I CALLED THE BANK AND TOLD THEM ALSO MY PHONE NUMBER WAS NOT UPDATED ON THE ACCOUNT AND SOMEONE VERIFIED THE CODE SAYING IT WAS ME MAKING THE TRANSACTION AND IT WAS NOT ME OR ANYONE I KNOW. THE TOTAL WAS {$6600.00} ON THE FRAUDULENT CHARGES ON THE ACCOUNT.",-0.891
2024-01-31,Credit card,General-purpose credit card or charge card,Incorrect information on your report,Information belongs to someone else,[No Narrative],Company has responded to the consumer and the CFPB and chooses not to provide a public response,"TRANSUNION INTERMEDIATE HOLDINGS, INC.",NY,12201,,N/A,Phone,2024-01-31,Closed with non-monetary relief,True,N/A,8258877,[No Narrative],0.0
2024-03-12,Credit card,General-purpose credit card or charge card,Problem with a company's investigation into an existing problem,Was not notified of investigation status or results,[No Narrative],Company has responded to the consumer and the CFPB and chooses not to provide a public response,"TRANSUNION INTERMEDIATE HOLDINGS, INC.",FL,33905,,Other,Web,2024-03-12,Closed with non-monetary relief,True,N/A,8520935,[No Narrative],0.0
2024-05-03,Credit card,General-purpose credit card or charge card,"Advertising and marketing, including promotional offers",Confusing or misleading advertising about the credit card,[No Narrative],Company has responded to the consumer and the CFPB and chooses not to provide a public response,"TRANSUNION INTERMEDIATE HOLDINGS, INC.",TX,79423,,Consent not provided,Web,2024-05-03,Closed with non-monetary relief,True,N/A,8918143,[No Narrative],0.0
2024-06-28,Credit card,General-purpose credit card or charge card,Problem with a purchase shown on your statement,Credit card company isn't resolving a dispute about a purchase on your statement,"On XX/XX/year> paypal refunded my original payment back to debit card however card and bank account was closed for quite sometime.The refund amount was XXXXXXXX XXXX I reached out to the bank with all tracking information paypal gave me bank searched Said there's no transaction at all from paypal in that amount. 

On XX/XX/XXXX paypal refunded my original payment back to debit card however card and bank account was closed for quite sometime.The refund amount was XXXXXXXX XXXX I reached out to the bank with all tracking information paypal gave me bank searched Said there's no transaction at all from paypal in that amount. 

I reported XXXXXXXX XXXX to cfpb also paypal is claiming they have the money XXXX is denying any deposits came in from paypal I'll enclose statement XXXX Made to cfpb",,"Paypal Holdings, Inc",FL,34219,,Consent provided,Web,2024-06-28,Closed with explanation,True,N/A,9375432,On REDACTED / REDACTED /year> paypal refunded my original payment back to debit card however card and bank account was closed for quite sometime.The refund amount was REDACTED REDACTED I reached out to the bank with all tracking information paypal gave me bank searched Said there's no transaction at all from paypal in that amount. On REDACTED_DATE paypal refunded my original payment back to debit card however card and bank account was closed for quite sometime.The refund amount was REDACTED REDACTED I reached out to the bank with all tracking information paypal gave me bank searched Said there's no transaction at all from paypal in that amount. I reported REDACTED REDACTED to cfpb also paypal is claiming they have the money REDACTED is denying any deposits came in from paypal I'll enclose statement REDACTED Made to cfpb,-0.1027
2024-07-13,Credit card,Store credit card,Struggling to pay your bill,Credit card company won't work with you while you're going through financial hardship,"15 USC 1692-c If a consumer notifies a debt collector that the consumer refuses to pay, the debt collector must cease all communications with the consumer",Company has responded to the consumer and the CFPB and chooses not to provide a public response,SYNCHRONY FINANCIAL,IL,62025,,Consent provided,Web,2024-07-13,Closed with explanation,True,N/A,9494333,"15 USC 1692-c If a consumer notifies a debt collector that the consumer refuses to pay, the debt collector must cease all communications with the consumer",-0.6597
2024-08-06,Checking or savings account,Checking account,Managing an account,Problem using a debit or ATM card,[No Narrative],,JPMORGAN CHASE & CO.,TX,75081,,N/A,Referral,2024-08-06,Closed with explanation,True,N/A,9722239,[No Narrative],0.0
2024-09-01,Credit card,General-purpose credit card or charge card,Problem with a purchase shown on your statement,Card was charged for something you did not purchase with the card,"I received an email from PayPal saying that I had just sent a {$30.00} USD Payment to XXXX XXXX XXXX XXXX XXXX. 

This invoice notification arrived on XX/XX/year>. 

I never made this payment. I was not ever going to make this payment. This payment needs to be cancelled as the money has been stolen from me. This is a large form of fraud and scam.",,"Paypal Holdings, Inc",CO,80403,,Consent provided,Web,2024-09-01,Closed with explanation,True,N/A,9979939,I received an email from PayPal saying that I had just sent a {$30.00} USD Payment to REDACTED REDACTED REDACTED REDACTED REDACTED . This invoice notification arrived on REDACTED / REDACTED /year>. I never made this payment. I was not ever going to make this payment. This payment needs to be cancelled as the money has been stolen from me. This is a large form of fraud and scam.,-0.9136
2024-09-18,Credit card,General-purpose credit card or charge card,Getting a credit card,Application denied,"Three interactions with citi cards customer service : XX/XX/XXXX : Called to ask why I had not received a replacement card for a Double Cash credit card expiring XX/XX/XXXX. I was told that the account was under review, but was unable to be connected to a supervisor due to high call volume. Was ultimately told to try calling back at midnight or early in the morning, both not feasible given my work schedule and household duties. Was told the line was 24 hours, but when I called back later that week at XXXX on a friday got a message that lines were closed and I should call back during Monday-Friday business hours. 

XXXX : Finally able to take the time to call back and follow up. Was connected to a supervisor who was able to confirm that the account was under review, told me I should have received a letter a month prior ( never received ). The supervisor helped me to submit a request that they reconsider the decision to not renew my credit card, as I need access to this line of credit. My credit score is not great, I am working to repair it after COVID-related financial difficulties ( thus wanting access to this line of credit ), and I was NOT told that the request for reconsideration would involve a credit check, which further lowered my score. Had I known that, I would not have bothered with the request. I was told that I would receive a letter by the end of the week with more information about their final decision. 

XX/XX/XXXX : I did not receive any letter, so followed up a third time to try to resolve and get some transparency around what is happening. I was connected to an extremely rude agent who interrupted and spoke condescendingly to me. He told me a letter was sent out on XXXX, which I did not receive, and he told me I should be able to see the letter online but was unable to confirm where ( I am still not able to find it ). He finally offered to connect me to their IT department to help me find the letter online, but I was disconnected.

I have spent over three hours on customer service just trying to understand what is happening with my credit card. They perhaps did send out the letters and other requisite communications on their end but I have yet to receive anything. At this point I do not need this card reopened, that would be great but I do not trust their customer service to handle things correctly. I just want the letter from them that details why the request to keep my card open was denied, so that I can work on those issues for future credit card and financial product applications going forward. I am a working mother and do not have time to waste being passed around customer service with no resolution. Ultimately, while it is their prerogative to not renew my credit card, it IS their responsibility to communicate their decision with me and not only did they fail to do so, they failed repeatedly after multiple followup attempts on my end.",Company has responded to the consumer and the CFPB and chooses not to provide a public response,"CITIBANK, N.A.",CA,90016,,Consent provided,Web,2024-09-18,Closed with non-monetary relief,True,N/A,10161294,"Three interactions with citi cards customer service : REDACTED_DATE : Called to ask why I had not received a replacement card for a Double Cash credit card expiring REDACTED_DATE . I was told that the account was under review, but was unable to be connected to a supervisor due to high call volume. Was ultimately told to try calling back at midnight or early in the morning, both not feasible given my work schedule and household duties. Was told the line was 24 hours, but when I called back later that week at REDACTED on a friday got a message that lines were closed and I should call back during Monday-Friday business hours. REDACTED : Finally able to take the time to call back and follow up. Was connected to a supervisor who was able to confirm that the account was under review, told me I should have received a letter a month prior ( never received ). The supervisor helped me to submit a request that they reconsider the decision to not renew my credit card, as I need access to this line of credit. My credit score is not great, I am working to repair it after COVID-related financial difficulties ( thus wanting access to this line of credit ), and I was NOT told that the request for reconsideration would involve a credit check, which further lowered my score. Had I known that, I would not have bothered with the request. I was told that I would receive a letter by the end of the week with more information about their final decision. REDACTED_DATE : I did not receive any letter, so followed up a third time to try to resolve and get some transparency around what is happening. I was connected to an extremely rude agent who interrupted and spoke condescendingly to me. He told me a letter was sent out on REDACTED , which I did not receive, and he told me I should be able to see the letter online but was unable to confirm where ( I am still not able to find it ). He finally offered to connect me to their IT department to help me find the letter online, but I was disconnected. I have spent over three hours on customer service just trying to understand what is happening with my credit card. They perhaps did send out the letters and other requisite communications on their end but I have yet to receive anything. At this point I do not need this card reopened, that would be great but I do not trust their customer service to handle things correctly. I just want the letter from them that details why the request to keep my card open was denied, so that I can work on those issues for future credit card and financial product applications going forward. I am a working mother and do not have time to waste being passed around customer service with no resolution. Ultimately, while it is their prerogative to not renew my credit card, it IS their responsibility to communicate their decision with me and not only did they fail to do so, they failed repeatedly after multiple followup attempts on my end.",-0.8016
2024-10-04,Checking or savings account,Checking account,Managing an account,Problem accessing account,Wisely by adp wont let me have access to my money. I have called them multiple times and they basically are not letting me pull my money out of my account so I can pay my rent. Every day Im late is {$100.00}. I requested a new card so I could have access the account but its been over three weeks and I have yet to receive the card and even though this account has a routing and account number they still are not letting me have access to the account without a card.,,ADP Inc.,TX,787XX,,Consent provided,Web,2024-10-09,Closed with explanation,True,N/A,10349454,Wisely by adp wont let me have access to my money. I have called them multiple times and they basically are not letting me pull my money out of my account so I can pay my rent. Every day Im late is {$100.00}. I requested a new card so I could have access the account but its been over three weeks and I have yet to receive the card and even though this account has a routing and account number they still are not letting me have access to the account without a card.,0.2542
2024-10-03,Checking or savings account,Checking account,Managing an account,Deposits and withdrawals,[No Narrative],,"HUNTINGTON NATIONAL BANK, THE",MI,48073,,N/A,Referral,2024-10-08,Closed with monetary relief,True,N/A,10350932,[No Narrative],0.0
2024-10-21,Checking or savings account,Checking account,Managing an account,Deposits and withdrawals,[No Narrative],Company has responded to the consumer and the CFPB and chooses not to provide a public response,WELLS FARGO & COMPANY,IA,50321,,N/A,Referral,2024-10-21,Closed with explanation,True,N/A,10523444,[No Narrative],0.0
2024-11-19,Credit card,General-purpose credit card or charge card,Incorrect information on your report,Account status incorrect,[No Narrative],Company has responded to the consumer and the CFPB and chooses not to provide a public response,Experian Information Solutions Inc.,TX,79416,,Consent not provided,Web,2024-11-19,Closed with explanation,True,N/A,10867688,[No Narrative],0.0
2024-12-19,Credit card,General-purpose credit card or charge card,Fees or interest,Charged too much interest,"I noticed that the credit card with Synchrony Banck ( Cheap on Air ) account XXXX XXXX  ending with XXXX charges me high interest every month. The creditor closed my account because I disputed a charge I did not authorize, so I can no longer use this credit card. I am still making payments on it, but they charge me high interest and other charges. 

I was told that if my account were closed, there would be no more activity, but I would still need to make payments. However, they are still interested in an account with no activity and only want to pay it off. Whenever I want to talk with someone in customer service, the wait time is too longmore than 45 minutesand it is tough to contact someone. 

My concern is that if they still charge me high interest, I will not be able to pay it soon enough. Last month, they charged me XXXX dollars more than I owed on my credit card, which they closed. 

Please help me with this issue. I do not know how to stop the high charges on it. 

Thank you",Company has responded to the consumer and the CFPB and chooses not to provide a public response,SYNCHRONY FINANCIAL,CA,94558,,Consent provided,Web,2025-01-06,Closed with explanation,True,N/A,11211215,"I noticed that the credit card with Synchrony Banck ( Cheap on Air ) account REDACTED REDACTED ending with REDACTED charges me high interest every month. The creditor closed my account because I disputed a charge I did not authorize, so I can no longer use this credit card. I am still making payments on it, but they charge me high interest and other charges. I was told that if my account were closed, there would be no more activity, but I would still need to make payments. However, they are still interested in an account with no activity and only want to pay it off. Whenever I want to talk with someone in customer service, the wait time is too longmore than 45 minutesand it is tough to contact someone. My concern is that if they still charge me high interest, I will not be able to pay it soon enough. Last month, they charged me REDACTED dollars more than I owed on my credit card, which they closed. Please help me with this issue. I do not know how to stop the high charges on it. Thank you",0.889
2024-12-20,Credit card,General-purpose credit card or charge card,Problem with a purchase shown on your statement,Credit card company isn't resolving a dispute about a purchase on your statement,[No Narrative],,JPMORGAN CHASE & CO.,OH,44512,,Consent not provided,Web,2024-12-20,Closed with explanation,True,N/A,11237303,[No Narrative],0.0
2024-12-23,Credit card,General-purpose credit card or charge card,Problem with a company's investigation into an existing problem,Their investigation did not fix an error on your report,"Company wrote this account off without providing 1099c to consumer. Consumer reposrted as fraud, and company still reported. Account need removal Under code 605 B, under SERA. 

Continental Finance Company XXXX XXXX XXXX XXXX XXXX XXXX XXXX XXXX, DE XXXX ( XXXX ) XXXX",Company has responded to the consumer and the CFPB and chooses not to provide a public response,"Continental Finance Company, LLC",GA,30019,,Consent provided,Web,2024-12-23,Closed with explanation,True,N/A,11252342,"Company wrote this account off without providing 1099c to consumer. Consumer reposrted as fraud, and company still reported. Account need removal Under code 605 B, under SERA. Continental Finance Company REDACTED REDACTED REDACTED REDACTED REDACTED REDACTED REDACTED REDACTED , DE REDACTED ( REDACTED ) REDACTED",-0.5859
2025-01-21,Checking or savings account,Checking account,Problem caused by your funds being low,Overdrafts and overdraft fees,"I am writing to file a complaint against Navy Federal Credit Union regarding multiple overdraft fees I have incurred. Despite having sufficient funds when transactions were authorized, I was charged fees due to lagged posting of charges and credits. This issue aligns with the recent CFPB findings against Navy Federal for similar practices, where transactions settled with insufficient balances despite initially available funds. I believe these practices are unfair and request an investigation into my account transactions.",Company believes it acted appropriately as authorized by contract or law,NAVY FEDERAL CREDIT UNION,MD,21117,Servicemember,Consent provided,Web,2025-01-21,Closed with explanation,True,N/A,11609443,"I am writing to file a complaint against Navy Federal Credit Union regarding multiple overdraft fees I have incurred. Despite having sufficient funds when transactions were authorized, I was charged fees due to lagged posting of charges and credits. This issue aligns with the recent CFPB findings against Navy Federal for similar practices, where transactions settled with insufficient balances despite initially available funds. I believe these practices are unfair and request an investigation into my account transactions.",-0.6486
2025-01-18,Checking or savings account,Checking account,Problem caused by your funds being low,Overdrafts and overdraft fees,"I am writing this complaint against Navy Federal Credit Union regarding multiple overdraft fee i have incurred.Despite having sufficient funds when transactions were authorized. I was charged fees due to lagged posting of charges and credits. This issue aligns with the recent CFPB FINDINGS against Navy Federal for similar practices, where transactions settled with insufficient balance despite initially available funds.i believe these practices are unfair and request an investigation into my account transactions.",Company believes it acted appropriately as authorized by contract or law,NAVY FEDERAL CREDIT UNION,IL,622XX,Servicemember,Consent provided,Web,2025-01-18,Closed with explanation,True,N/A,11649195,"I am writing this complaint against Navy Federal Credit Union regarding multiple overdraft fee i have incurred.Despite having sufficient funds when transactions were authorized. I was charged fees due to lagged posting of charges and credits. This issue aligns with the recent CFPB FINDINGS against Navy Federal for similar practices, where transactions settled with insufficient balance despite initially available funds.i believe these practices are unfair and request an investigation into my account transactions.",-0.6808
2025-03-19,Credit card,General-purpose credit card or charge card,"Other features, terms, or problems",Problem with cash advances,"I made a mistake while using online service and created a cash advance of {$170.00} instead of transferring money from one of my savings accounts to checking account. I recently utilized a 1.9 % balance transfer for XXXX XXXX. I requested that the {$170.00} balance transfer was my mistake and I requested a reversal. I was told they could not. I was charged {$10.00} for the cash advance fee and will be charged 29.49 % compounded daily until the full amount is paid off. 

I requested consideration in that I use the bank for my payroll direct deposit and all my online bill payments as well. I noted my mistake and asked for customer relations consideration. I was told no. I believe they can reverse it if I can speak with the right person.",Company has responded to the consumer and the CFPB and chooses not to provide a public response,"CITIBANK, N.A.",NC,27587,,Consent provided,Web,2025-03-19,Closed with explanation,True,N/A,12560987,I made a mistake while using online service and created a cash advance of {$170.00} instead of transferring money from one of my savings accounts to checking account. I recently utilized a 1.9 % balance transfer for REDACTED REDACTED . I requested that the {$170.00} balance transfer was my mistake and I requested a reversal. I was told they could not. I was charged {$10.00} for the cash advance fee and will be charged 29.49 % compounded daily until the full amount is paid off. I requested consideration in that I use the bank for my payroll direct deposit and all my online bill payments as well. I noted my mistake and asked for customer relations consideration. I was told no. I believe they can reverse it if I can speak with the right person.,-0.5119
2025-04-06,Credit card,General-purpose credit card or charge card,Getting a credit card,Card opened without my consent or knowledge,[No Narrative],,CAPITAL ONE FINANCIAL CORPORATION,AZ,85033,,Consent not provided,Web,2025-04-06,Closed with explanation,True,N/A,12847570,[No Narrative],0.0
2025-04-29,Checking or savings account,Checking account,Problem with a lender or other company charging your account,Money was taken from your account on the wrong day or for the wrong amount,[No Narrative],Company has responded to the consumer and the CFPB and chooses not to provide a public response,"BANK OF AMERICA, NATIONAL ASSOCIATION",,XXXXX,,Consent not provided,Web,2025-04-29,Closed with explanation,True,N/A,13236750,[No Narrative],0.0
2025-05-29,Checking or savings account,Checking account,Problem with a lender or other company charging your account,Can't stop withdrawals from your account,[No Narrative],,JPMORGAN CHASE & CO.,CA,92126,,Consent not provided,Web,2025-05-29,Closed with monetary relief,True,N/A,13743096,[No Narrative],0.0
2025-05-30,Credit card,General-purpose credit card or charge card,Problem with a purchase shown on your statement,Credit card company isn't resolving a dispute about a purchase on your statement,"On XX/XX/year>, I placed an online order with XXXX XXXX totaling {$240.00}. The order was shipped via XXXX under tracking number XXXX and was marked as delivered on XX/XX/year>, to my mailbox in XXXX XXXXXXXX XXXX XXXXXXXX. However, I never received the package. 

I contacted XXXX XXXX ' customer service multiple times to report the issue. They advised me to follow up with XXXX and open an investigation, which I did. XXXX closed the case stating the package was scanned as delivered, but they provided no resolution or evidence of delivery beyond geolocation data. 

Despite following all recommended steps, including checking with neighbors and the local post office, the package was never recovered. I then disputed the charge with XXXX XXXX, requesting a reimbursement for the undelivered merchandise. I submitted all supporting documentation, including my communication with XXXX and the XXXX investigation letter. However, the issue remains unresolved and the charge has not been refunded. 

I am requesting CFPB 's assistance in obtaining a credit reimbursement for the {$240.00} charge for a product that was never received despite good faith efforts on my part to resolve the issue with both the merchant and the card issuer.",Company has responded to the consumer and the CFPB and chooses not to provide a public response,SYNCHRONY FINANCIAL,NJ,07024,,Consent provided,Web,2025-05-30,Closed with explanation,True,N/A,13798398,"On REDACTED / REDACTED /year>, I placed an online order with REDACTED REDACTED totaling {$240.00}. The order was shipped via REDACTED under tracking number REDACTED and was marked as delivered on REDACTED / REDACTED /year>, to my mailbox in REDACTED REDACTED REDACTED REDACTED . However, I never received the package. I contacted REDACTED REDACTED ' customer service multiple times to report the issue. They advised me to follow up with REDACTED and open an investigation, which I did. REDACTED closed the case stating the package was scanned as delivered, but they provided no resolution or evidence of delivery beyond geolocation data. Despite following all recommended steps, including checking with neighbors and the local post office, the package was never recovered. I then disputed the charge with REDACTED REDACTED , requesting a reimbursement for the undelivered merchandise. I submitted all supporting documentation, including my communication with REDACTED and the REDACTED investigation letter. However, the issue remains unresolved and the charge has not been refunded. I am requesting CFPB 's assistance in obtaining a credit reimbursement for the {$240.00} charge for a product that was never received despite good faith efforts on my part to resolve the issue with both the merchant and the card issuer.",0.5536
2025-06-02,Credit card,General-purpose credit card or charge card,Problem with a purchase shown on your statement,Credit card company isn't resolving a dispute about a purchase on your statement,[No Narrative],Company has responded to the consumer and the CFPB and chooses not to provide a public response,ALLY FINANCIAL INC.,MN,55432,,Consent not provided,Web,2025-06-02,Closed with explanation,True,N/A,13849626,[No Narrative],0.0
2025-07-02,Credit card,General-purpose credit card or charge card,Fees or interest,Problem with fees,"To Whom It May Concern : American Express ACCT. XXXX letter is in response to your recent reporting to credit bureaus regarding the closed account on XXXX XXXX, [ Account closed by credit grantor ] which you claim [ such as I owe/balance {$2100.00} ] included late fees after closed account. I request that you provide me with a copy of any viable evidence showing the account is being reported accurately. I am requesting the method of verification procedure you used to determine the accuracy and completeness of the information you are furnishing on my credit report .. As per FTC opinion letter from Attorney XXXX XXXX XXXX XXXX you should be aware that a printout of a bill or itemized document does not constitute verification. I am again formally requesting a copy of any documents, showing that I have a legally binding contractual obligation to pay you the alleged amount balance [ {$2100.00} ]. I am also requesting the record that reflects the process by which my signature was generated/executed. Under the FCRA, furnishers of credit data are required to report only complete and accurate information. Reporting a balance higher that of the maximum credit limit is clear evidence of inaccuracy. FCRA 1681g and 1681h by failing to provide requested disclosures, contracts, and original documentation validating the debt. Previously, the CFPB took action against American Express for failing to provide proper disclosures about credit card fees and penalties. This case highlights the importance of transparency and the consequences of failing to notify consumers of changes to their account terms.",,AMERICAN EXPRESS COMPANY,TX,78660,"Older American, Servicemember",Consent provided,Web,2025-07-02,Closed with non-monetary relief,True,N/A,14424467,"To Whom It May Concern : American Express ACCT. REDACTED letter is in response to your recent reporting to credit bureaus regarding the closed account on REDACTED REDACTED , [ Account closed by credit grantor ] which you claim [ such as I owe/balance {$2100.00} ] included late fees after closed account. I request that you provide me with a copy of any viable evidence showing the account is being reported accurately. I am requesting the method of verification procedure you used to determine the accuracy and completeness of the information you are furnishing on my credit report .. As per FTC opinion letter from Attorney REDACTED REDACTED REDACTED REDACTED you should be aware that a printout of a bill or itemized document does not constitute verification. I am again formally requesting a copy of any documents, showing that I have a legally binding contractual obligation to pay you the alleged amount balance [ {$2100.00} ]. I am also requesting the record that reflects the process by which my signature was generated/executed. Under the FCRA, furnishers of credit data are required to report only complete and accurate information. Reporting a balance higher that of the maximum credit limit is clear evidence of inaccuracy. FCRA 1681g and 1681h by failing to provide requested disclosures, contracts, and original documentation validating the debt. Previously, the CFPB took action against American Express for failing to provide proper disclosures about credit card fees and penalties. This case highlights the importance of transparency and the consequences of failing to notify consumers of changes to their account terms.",0.875
2025-07-08,Checking or savings account,Checking account,Managing an account,Problem accessing account,[No Narrative],Company has responded to the consumer and the CFPB and chooses not to provide a public response,WELLS FARGO & COMPANY,NE,69101,,Consent not provided,Web,2025-08-06,Closed with explanation,True,N/A,14518261,[No Narrative],0.0
2025-07-28,Checking or savings account,Checking account,Opening an account,Didn't receive terms that were advertised,"I opened a business checking account on XX/XX/XXXX with a promotion of {$1000.00} bonus for maintaining a {$30000.00} average daily balance for the first three statement cycles. 

I met this requirement by holding a {$300000.00} average daily balance in XXXX, XXXX, and XX/XX/XXXX. 

When I was not awarded this bonus in a reasonable amount of time, I contacted the bank to inquire about it. The representative told me that the promotion was not applied to my account. This is false. I confirmed when I opened the account that the promotion was attached. They transferred me to another department and had me wait for a call back for over a week. 

The bank called me, and now they are saying that the first partial month I'm which the account was opened ( XXXX ) was used to check on the requirements. 

The terms do not state that a partial month counts as the first statement cycle. A statement cycle is defined as a full statement period. I would have needed to deposit {$30000.00} on the same day that the account was opened to meet this, which is unreasonable and impossible, when they forced me to open the account via a video call. 

I am asking that PNC honors that the requirements of this promotion were met by my account and that I be awarded the {$1000.00} bonus.",,PNC Bank N.A.,PA,17202,,Consent provided,Web,2025-07-28,Closed with explanation,True,N/A,14924959,"I opened a business checking account on REDACTED_DATE with a promotion of {$1000.00} bonus for maintaining a {$30000.00} average daily balance for the first three statement cycles. I met this requirement by holding a {$300000.00} average daily balance in REDACTED , REDACTED , and REDACTED_DATE . When I was not awarded this bonus in a reasonable amount of time, I contacted the bank to inquire about it. The representative told me that the promotion was not applied to my account. This is false. I confirmed when I opened the account that the promotion was attached. They transferred me to another department and had me wait for a call back for over a week. The bank called me, and now they are saying that the first partial month I'm which the account was opened ( REDACTED ) was used to check on the requirements. The terms do not state that a partial month counts as the first statement cycle. A statement cycle is defined as a full statement period. I would have needed to deposit {$30000.00} on the same day that the account was opened to meet this, which is unreasonable and impossible, when they forced me to open the account via a video call. I am asking that PNC honors that the requirements of this promotion were met by my account and that I be awarded the {$1000.00} bonus.",0.9164
2025-08-20,Checking or savings account,Checking account,Managing an account,Problem accessing account,[No Narrative],Company has responded to the consumer and the CFPB and chooses not to provide a public response,"CITIBANK, N.A.",MN,55016,,Consent not provided,Web,2025-08-20,Closed with explanation,True,N/A,15367753,[No Narrative],0.0
2025-09-09,Credit card,Store credit card,Getting a credit card,Card opened without my consent or knowledge,"I was shopping for an engagement ring at XXXX XXXX in XXXX XXXX XXXX. I was interested in their financing plan, which had a reportedly zero interest for military. I talked to them to see if it was applicable to me, and gave some information. Today I recieved an unsolicited credit card in the mail and when I called to cancel it was told that their system was frozen. 

The card has a fee AND a 36 % interest rate. I did not ask for this card, and resent that it could be used against ( or for ) my credit. I do not want this card.",,"Bread Financial Holdings, Inc.",SC,29466,Servicemember,Consent provided,Web,2025-09-09,Closed with non-monetary relief,True,N/A,15787714,"I was shopping for an engagement ring at REDACTED REDACTED in REDACTED REDACTED REDACTED . I was interested in their financing plan, which had a reportedly zero interest for military. I talked to them to see if it was applicable to me, and gave some information. Today I recieved an unsolicited credit card in the mail and when I called to cancel it was told that their system was frozen. The card has a fee AND a 36 % interest rate. I did not ask for this card, and resent that it could be used against ( or for ) my credit. I do not want this card.",0.9182
2025-09-09,Credit card,General-purpose credit card or charge card,Problem with a purchase shown on your statement,Overcharged for something you did purchase with the card,"I purchased a service from a company for {$140.00} on XX/XX/year> in which the transaction booted me out, so I went in to try and redo the purchase, again a second time I was booted out but discovered that I was charged for both transactions of {$140.00} each. 

I called the company, with no answer so I called my credit card company and disputed the charges. My credit card company awarded a temporary credit of {$290.00} on XX/XX/year> for the 2 charges. 

The company subsequently responded and refunded a credit on XX/XX/year> for {$140.00}. 

Since the company refunded a payment, Discover reposted a charge of {$140.00} a repost by Discover Credit card company on XX/XX/year> which was the initial charge for one of the original post. Showing 3 debit charges and 3 credits for XXXX Billing cycle. 

My account was paid in full of the before the end of the month, and the only payment due was the single repost of {$140.00} that was still pending to correct the credit refund from the orginal purchase. However, Discover reposted again 2 additional payments on my new cycle starting out with {$290.00}. Which should have only been one charge not two. 
Now I have been charged XXXX payments of {$140.00} on XX/XX/year> and only 2 credits on XX/XX/year> and one credit on XX/XX/year>. 

This does not add up equally and I am being over charged {$140.00}. I have had this issue with Discover before, and It is not ethically correct. I pay my bill off every month in full, but I couldn't pay this charge because it was still pending. 

Either way, it shows 5 debit charges on XX/XX/year> and only offset by 3 additional credits. When there should have only been XXXX additional charge to account for the original purchase. I have my statement and also the refund email from the company I originally purchase the service from. I want my money back and am very upset that Discover is trying to over charge me. I am very diligent about keeping track of my charges. XXXXough is Enough. Please Help Thank you",,DISCOVER BANK,OH,45044,,Consent provided,Web,2025-09-16,Closed with explanation,True,N/A,15818395,"I purchased a service from a company for {$140.00} on REDACTED / REDACTED /year> in which the transaction booted me out, so I went in to try and redo the purchase, again a second time I was booted out but discovered that I was charged for both transactions of {$140.00} each. I called the company, with no answer so I called my credit card company and disputed the charges. My credit card company awarded a temporary credit of {$290.00} on REDACTED / REDACTED /year> for the 2 charges. The company subsequently responded and refunded a credit on REDACTED / REDACTED /year> for {$140.00}. Since the company refunded a payment, Discover reposted a charge of {$140.00} a repost by Discover Credit card company on REDACTED / REDACTED /year> which was the initial charge for one of the original post. Showing 3 debit charges and 3 credits for REDACTED Billing cycle. My account was paid in full of the before the end of the month, and the only payment due was the single repost of {$140.00} that was still pending to correct the credit refund from the orginal purchase. However, Discover reposted again 2 additional payments on my new cycle starting out with {$290.00}. Which should have only been one charge not two. Now I have been charged REDACTED payments of {$140.00} on REDACTED / REDACTED /year> and only 2 credits on REDACTED / REDACTED /year> and one credit on REDACTED / REDACTED /year>. This does not add up equally and I am being over charged {$140.00}. I have had this issue with Discover before, and It is not ethically correct. I pay my bill off every month in full, but I couldn't pay this charge because it was still pending. Either way, it shows 5 debit charges on REDACTED / REDACTED /year> and only offset by 3 additional credits. When there should have only been REDACTED additional charge to account for the original purchase. I have my statement and also the refund email from the company I originally purchase the service from. I want my money back and am very upset that Discover is trying to over charge me. I am very diligent about keeping track of my charges. REDACTED ough is Enough. Please Help Thank you",0.9787
2025-09-16,Credit card,General-purpose credit card or charge card,Getting a credit card,Card opened without my consent or knowledge,"Consumer Name : XXXX XXXX XXXX, Consumer Social Security Number : XXXX, Consumer Date of Birth : XX/XX/XXXX, Contents of Complaint : This CFPB complaint has been filed to request pursuant to FCRA XXXX ( XXXX U.S.C. XXXX ) that you, the TransUnion credit reporting agency , block information appearing on my consumer credit report that is the result of identity theft and fraud within XXXX business days of you receiving this complaint. This fraudulent account is a personal credit card account opened at XXXX  XXXX on XX/XX/XXXX under the account number XXXX. I've attached a copy of the consumer XXXX credit report maintained by you which shows the aforementioned fraudulent items. I do not recognize the aforementioned accounts as reported. The aforementioned accounts appearing on my consumer credit report maintained by you were not opened, made, or initiated by me. The aforementioned accounts are the result of identity theft and fraud. I have attached a copy of the FTC Identity Theft Criminal Complaint # XXXX as proof from the XXXX Federal Trade Commission that the aforementioned consumer credit account is the result of identity theft and fraud. I request, pursuant to FCRA XXXX ( XXXX U.S.C. XXXX ), that the TransUnion credit reporting agency block all of the accounts identified in this CFPB complaint from my consumer credit file within XXXX business days of receiving said complaint. I request that all written confirmation regarding this CFPB complaint be sent to me via email to the email address XXXX.",Company has responded to the consumer and the CFPB and chooses not to provide a public response,"TRANSUNION INTERMEDIATE HOLDINGS, INC.",KS,660XX,,Consent provided,Web,2025-09-16,Closed with explanation,True,N/A,15961414,"Consumer Name : REDACTED REDACTED REDACTED , Consumer Social Security Number : REDACTED , Consumer Date of Birth : REDACTED_DATE , Contents of Complaint : This CFPB complaint has been filed to request pursuant to FCRA REDACTED ( REDACTED U.S.C. REDACTED ) that you, the TransUnion credit reporting agency , block information appearing on my consumer credit report that is the result of identity theft and fraud within REDACTED business days of you receiving this complaint. This fraudulent account is a personal credit card account opened at REDACTED REDACTED on REDACTED_DATE under the account number REDACTED . I've attached a copy of the consumer REDACTED credit report maintained by you which shows the aforementioned fraudulent items. I do not recognize the aforementioned accounts as reported. The aforementioned accounts appearing on my consumer credit report maintained by you were not opened, made, or initiated by me. The aforementioned accounts are the result of identity theft and fraud. I have attached a copy of the FTC Identity Theft Criminal Complaint # REDACTED as proof from the REDACTED Federal Trade Commission that the aforementioned consumer credit account is the result of identity theft and fraud. I request, pursuant to FCRA REDACTED ( REDACTED U.S.C. REDACTED ), that the TransUnion credit reporting agency block all of the accounts identified in this CFPB complaint from my consumer credit file within REDACTED business days of receiving said complaint. I request that all written confirmation regarding this CFPB complaint be sent to me via email to the email address REDACTED .",-0.961
2025-10-02,Checking or savings account,Checking account,Managing an account,Problem using a debit or ATM card,[No Narrative],Company has responded to the consumer and the CFPB and chooses not to provide a public response,"BANK OF AMERICA, NATIONAL ASSOCIATION",NY,12550,,Consent not provided,Web,2025-10-03,Closed with monetary relief,True,N/A,16317412,[No Narrative],0.0
2025-10-07,Checking or savings account,Savings account,Managing an account,Banking errors,[No Narrative],,"Block, Inc.",IL,60620,,,Web,2025-10-07,Closed with explanation,True,N/A,16428186,[No Narrative],0.0
2025-11-03,Credit card,General-purpose credit card or charge card,Closing your account,Company closed your account,"I am writing to formally raise a complaint regarding the handling of my Citi XXXX XXXX credit card account. I am extremely frustrated with the way my account was processed and ultimately closed, and I am requesting a full investigation and prompt resolution. 

After my credit card application was approved, I was asked to submit IRS Form 4506 for income verification. I submitted this form on time and made several follow-up calls to ensure it had been received and was being processed. During these calls, your representatives repeatedly assured me that the form was complete, accurate, and being reviewed. I had noticed that one section was filled incorrectly, but I was led to believe by your staff that this would not prevent the verification from proceeding.

Despite my compliance and multiple confirmations from your team, my account was closed shortly after the form was processed. I was never given the opportunity to correct the minor error I had noticed, nor was I provided with a clear explanation for why the account was closed. This left me questioning whether my information was actually verified before the closure or whether there was an internal error that was used as a pretext for account closure. The lack of transparency and communication in this process has caused me significant stress and confusion. 

I also want to raise that this experience raises concerns about potential discriminatory treatment. As an XXXX immigrant, the handling of my account made me feel dismissed and treated differently, which is particularly troubling in light of broader reports of discrimination in financial services. The lack of clarity and unwillingness to allow me to correct a minor mistake contributes to a perception of unfair treatment and bias. 
Furthermore, this situation reflects poorly on Citis business practices. Even as a large and reputable bank, the abrupt closure of an account without explanation or opportunity to correct a simple error constitutes unfair business practice. The closure has already had a negative impact on my credit report, showing an annual fee balance that should not exist, which is both damaging and unjust. 

I am requesting the following actions : A thorough investigation into why my account was closed. 

A clear and detailed explanation of the closure decision.

Immediate corrective action, including either reopening my account if my information was verified or allowing me to reprocess the form if errors occurred on Citis side.

Removal of any negative impact on my credit report resulting from this account closure. 

This experience has caused me significant frustration and financial harm. I expect Citi to address this matter promptly, fairly, and transparently, taking responsibility for errors and ensuring that customers are treated with fairness and respect, regardless of background.",Company has responded to the consumer and the CFPB and chooses not to provide a public response,"CITIBANK, N.A.",CA,90029,,Consent provided,Web,2025-11-03,Closed with monetary relief,True,N/A,16984984,"I am writing to formally raise a complaint regarding the handling of my Citi REDACTED REDACTED credit card account. I am extremely frustrated with the way my account was processed and ultimately closed, and I am requesting a full investigation and prompt resolution. After my credit card application was approved, I was asked to submit IRS Form 4506 for income verification. I submitted this form on time and made several follow-up calls to ensure it had been received and was being processed. During these calls, your representatives repeatedly assured me that the form was complete, accurate, and being reviewed. I had noticed that one section was filled incorrectly, but I was led to believe by your staff that this would not prevent the verification from proceeding. Despite my compliance and multiple confirmations from your team, my account was closed shortly after the form was processed. I was never given the opportunity to correct the minor error I had noticed, nor was I provided with a clear explanation for why the account was closed. This left me questioning whether my information was actually verified before the closure or whether there was an internal error that was used as a pretext for account closure. The lack of transparency and communication in this process has caused me significant stress and confusion. I also want to raise that this experience raises concerns about potential discriminatory treatment. As an REDACTED immigrant, the handling of my account made me feel dismissed and treated differently, which is particularly troubling in light of broader reports of discrimination in financial services. The lack of clarity and unwillingness to allow me to correct a minor mistake contributes to a perception of unfair treatment and bias. Furthermore, this situation reflects poorly on Citis business practices. Even as a large and reputable bank, the abrupt closure of an account without explanation or opportunity to correct a simple error constitutes unfair business practice. The closure has already had a negative impact on my credit report, showing an annual fee balance that should not exist, which is both damaging and unjust. I am requesting the following actions : A thorough investigation into why my account was closed. A clear and detailed explanation of the closure decision. Immediate corrective action, including either reopening my account if my information was verified or allowing me to reprocess the form if errors occurred on Citis side. Removal of any negative impact on my credit report resulting from this account closure. This experience has caused me significant frustration and financial harm. I expect Citi to address this matter promptly, fairly, and transparently, taking responsibility for errors and ensuring that customers are treated with fairness and respect, regardless of background.",-0.9951
2025-11-21,Checking or savings account,Checking account,Opening an account,Unable to open an account,"Beginning in XXXX through XXXX, several bank accounts and inquiries were created or attempted without my authorization. Activity occurred across multiple financial institutions, including new account openings, account closures, negative balances, and account restrictions that I did not initiate or consent to. 

During this period, I experienced coercion, loss of control over my personal information, and unauthorized use of my identity, which resulted in several accounts reflecting adverse statuses such as Post No Debits, Closed, and negative balance postings. For example, an account repeatedly showed a negative balance of ( {$470.00} ) for an extended period without any activity made by me. 

In addition, from XXXX to XXXX, multiple inquiries were made across different banks on dates such as XX/XX/XXXX, XX/XX/XXXX, XX/XX/XXXX, XX/XX/XXXX, and XX/XX/XXXX, none of which were authorized by me. These inquiries were connected to attempts to open accounts or verify identity without my involvement. 

I did not open or manage these accounts, did not authorize these transactions, and did not approve any of the inquiries. The activity occurred during a time when my identity and personal information were misused, leading to inaccurate and harmful reporting. 

As a result, negative account statuses, unauthorized inquiries, and adverse balances appear on my file, all stemming from identity misuse and circumstances outside my control.",,"Early Warning Services, LLC",FL,34986,,Consent provided,Web,2025-11-21,Closed with explanation,True,N/A,17415831,"Beginning in REDACTED through REDACTED , several bank accounts and inquiries were created or attempted without my authorization. Activity occurred across multiple financial institutions, including new account openings, account closures, negative balances, and account restrictions that I did not initiate or consent to. During this period, I experienced coercion, loss of control over my personal information, and unauthorized use of my identity, which resulted in several accounts reflecting adverse statuses such as Post No Debits, Closed, and negative balance postings. For example, an account repeatedly showed a negative balance of ( {$470.00} ) for an extended period without any activity made by me. In addition, from REDACTED to REDACTED , multiple inquiries were made across different banks on dates such as REDACTED_DATE , REDACTED_DATE , REDACTED_DATE , REDACTED_DATE , and REDACTED_DATE , none of which were authorized by me. These inquiries were connected to attempts to open accounts or verify identity without my involvement. I did not open or manage these accounts, did not authorize these transactions, and did not approve any of the inquiries. The activity occurred during a time when my identity and personal information were misused, leading to inaccurate and harmful reporting. As a result, negative account statuses, unauthorized inquiries, and adverse balances appear on my file, all stemming from identity misuse and circumstances outside my control.",-0.9718
2026-01-03,Checking or savings account,Savings account,Managing an account,Funds not handled or disbursed as instructed,[No Narrative],,TD BANK US HOLDING COMPANY,NY,10950,,Consent not provided,Web,2026-01-03,Closed with explanation,True,N/A,18443260,[No Narrative],0.0
2026-01-05,Checking or savings account,Checking account,Managing an account,Deposits and withdrawals,[No Narrative],Company has responded to the consumer and the CFPB and chooses not to provide a public response,TRUIST FINANCIAL CORPORATION,GA,30224,Servicemember,,Web,2026-01-05,Closed with non-monetary relief,True,N/A,18472038,[No Narrative],0.0
2026-01-23,Credit card,General-purpose credit card or charge card,"Advertising and marketing, including promotional offers",Didn't receive advertised or promotional terms,[No Narrative],,DISCOVER BANK,OH,45248,,Consent not provided,Web,2026-01-23,Closed with explanation,True,N/A,18971161,[No Narrative],0.0
2026-02-04,Credit card,General-purpose credit card or charge card,Getting a credit card,Card opened without my consent or knowledge,"A credit card account was opened in my name without my knowledge or autorization. 
i never apply for this account. i contacted Capital One multiple times to report this fraudolent account and requested details, closure, and removal from my credit report. 
despite my efforts, the issue has not been resolved. 
the account shows as closed in XX/XX/XXXX, but it is still being reported with a balance in XXXX, which is inaccurate and harmful. 
This has negatively affected my credit score and caused financial and emotional distress. 
I am requesting an immediate ivestigation, permanent closure of the fraudolent account, and full correction of my credit report.",,CAPITAL ONE FINANCIAL CORPORATION,FL,XXXXX,,Consent provided,Web,2026-02-04,Closed with explanation,True,N/A,19240869,"A credit card account was opened in my name without my knowledge or autorization. i never apply for this account. i contacted Capital One multiple times to report this fraudolent account and requested details, closure, and removal from my credit report. despite my efforts, the issue has not been resolved. the account shows as closed in REDACTED_DATE , but it is still being reported with a balance in REDACTED , which is inaccurate and harmful. This has negatively affected my credit score and caused financial and emotional distress. I am requesting an immediate ivestigation, permanent closure of the fraudolent account, and full correction of my credit report.",0.5486
2026-02-11,Credit card,General-purpose credit card or charge card,Getting a credit card,Application denied,[No Narrative],Company has responded to the consumer and the CFPB and chooses not to provide a public response,WELLS FARGO & COMPANY,NY,11542,,N/A,Postal mail,2026-02-11,Closed with explanation,True,N/A,19432810,[No Narrative],0.0
2026-02-18,Credit card,Store credit card,Problem when making payments,Problem during payment process,"XXXX Dispute Department Comenity Capital Bank Date : XXXX  Re : Unfair Assessment of Fees & Interest XXXXXXXX XXXXXXXX, and Ongoing Charges on a Closed, PaidInFull Account Dear Dispute Team, I am writing to formally contest a series of improper fees and interest charges that have been levied on my XXXX XXXX XXXX ( account XXXX  ) despite my having satisfied the balance in full on XXXX. The conduct described below breaches the XXXX XXXX Agreementspecifically the clause that fees are posted to the account on the date they are assessed and are reflected in the current balance as of that posting dateand therefore violates the Fair Credit Billing Act and related consumerprotection statutes. 

Chronology of Events ( supported by attached statements and correspondence ) : DateAction / TransactionAmountComment XXXXXXXX  posted ( per statement ) $ XXXX should have been reflected in the balance that day. 
XXXX payment ( funds borrowed from my mother ) $ XXXX  portal showed a {$0.00} balance after this payment ; the XX/XX/XXXX fee was not included -- -which was NOT obvious to me or my mother, and we discovered this in XXXX when we call Comenity to find out why I was still being charged interest fees, and late fees. 
XXXX of latefee ( refund ) $ XXXX the original fee was erroneously omitted from the balance, but they would not credit XXXX despite all evidence that I paid the full amount in good faith on XXXX. 

We paid again online-see transaction log XX/XX/XXXXXXXX  while speaking with the rep to MAKE SURE IT WAS posted on no more fees would be placed on the account. 

XXXX closed ( securemessage ) Confirmation that the account was terminated at my request. XXXX XXXX XXXX interest and fee assessments on a closed, XXXXbalance account $ XXXX + $ XXXX Charges generated on a balance that no longer existed. 
XXXX total fees incurred {$190.00} Includes the XXXX fee and subsequent interestoninterest charges that should never have arisen. 
XXXX total interest incurred $ XXXX rationale as above. 

Why These Charges Are Unlawful Failure to Reflect Posted Fees in the Current Balance The agreement requires any fee posted on a given date to be included in the balance shown to the cardholder at that moment. The XXXX  latefee was omitted from the balance displayed on XX/XX/XXXX, leading me to believe the account was truly paid in full. 

Charging Interest on a Nonexistent Balance Once the balance was ( supposedly ) XXXX, no further finance charges may accrue. Yet statements for XXXX and XXXX  show interest calculated on the very fee that should have been credited, effectively charging interest on interest. This contravenes the XXXX provisions of the agreement and the statutory prohibition against finance charges on a XXXXbalance account. 

Continuing to Assess Fees After Account Closure The account was officially closed on XX/XX/XXXX. Any postclosure assessment is impermissible unless a residual balance remains, which, by definition, did not. 

Violation of the Fair Credit Billing Act ( FCBA ) Under the FCBA, a creditor must promptly correct billing errors once notified. Despite my timely payment and the subsequent credit of the latefee, Comenity has persisted in generating additional charges, thereby breaching its statutory obligations.",,"Bread Financial Holdings, Inc.",OR,97062,,Consent provided,Web,2026-03-02,Closed with monetary relief,True,N/A,19603025,"REDACTED Dispute Department Comenity Capital Bank Date : REDACTED Re : Unfair Assessment of Fees & Interest REDACTED REDACTED , and Ongoing Charges on a Closed, PaidInFull Account Dear Dispute Team, I am writing to formally contest a series of improper fees and interest charges that have been levied on my REDACTED REDACTED REDACTED ( account REDACTED ) despite my having satisfied the balance in full on REDACTED . The conduct described below breaches the REDACTED REDACTED Agreementspecifically the clause that fees are posted to the account on the date they are assessed and are reflected in the current balance as of that posting dateand therefore violates the Fair Credit Billing Act and related consumerprotection statutes. Chronology of Events ( supported by attached statements and correspondence ) : DateAction / TransactionAmountComment REDACTED posted ( per statement ) $ REDACTED should have been reflected in the balance that day. REDACTED payment ( funds borrowed from my mother ) $ REDACTED portal showed a {$0.00} balance after this payment ; the REDACTED_DATE fee was not included -- -which was NOT obvious to me or my mother, and we discovered this in REDACTED when we call Comenity to find out why I was still being charged interest fees, and late fees. REDACTED of latefee ( refund ) $ REDACTED the original fee was erroneously omitted from the balance, but they would not credit REDACTED despite all evidence that I paid the full amount in good faith on REDACTED . We paid again online-see transaction log REDACTED_DATE REDACTED while speaking with the rep to MAKE SURE IT WAS posted on no more fees would be placed on the account. REDACTED closed ( securemessage ) Confirmation that the account was terminated at my request. REDACTED REDACTED REDACTED interest and fee assessments on a closed, REDACTED balance account $ REDACTED + $ REDACTED Charges generated on a balance that no longer existed. REDACTED total fees incurred {$190.00} Includes the REDACTED fee and subsequent interestoninterest charges that should never have arisen. REDACTED total interest incurred $ REDACTED rationale as above. Why These Charges Are Unlawful Failure to Reflect Posted Fees in the Current Balance The agreement requires any fee posted on a given date to be included in the balance shown to the cardholder at that moment. The REDACTED latefee was omitted from the balance displayed on REDACTED_DATE , leading me to believe the account was truly paid in full. Charging Interest on a Nonexistent Balance Once the balance was ( supposedly ) REDACTED , no further finance charges may accrue. Yet statements for REDACTED and REDACTED show interest calculated on the very fee that should have been credited, effectively charging interest on interest. This contravenes the REDACTED provisions of the agreement and the statutory prohibition against finance charges on a REDACTED balance account. Continuing to Assess Fees After Account Closure The account was officially closed on REDACTED_DATE . Any postclosure assessment is impermissible unless a residual balance remains, which, by definition, did not. Violation of the Fair Credit Billing Act ( FCBA ) Under the FCBA, a creditor must promptly correct billing errors once notified. Despite my timely payment and the subsequent credit of the latefee, Comenity has persisted in generating additional charges, thereby breaching its statutory obligations.",0.9909
2026-04-06,Credit card,General-purpose credit card or charge card,Problem with a purchase shown on your statement,Credit card company isn't resolving a dispute about a purchase on your statement,[No Narrative],,JPMORGAN CHASE & CO.,MI,48188,,,Web,2026-04-06,Closed with explanation,True,N/A,20980712,[No Narrative],0.0
2026-04-08,Checking or savings account,Checking account,Managing an account,Problem using a debit or ATM card,[No Narrative],,TD BANK US HOLDING COMPANY,MA,02186,,,Web,2026-04-08,Closed with monetary relief,True,N/A,21059081,[No Narrative],0.0
2026-05-13,Credit card,General-purpose credit card or charge card,Fees or interest,Charged too much interest,[No Narrative],,JPMORGAN CHASE & CO.,CA,94107,,,Web,2026-05-13,Closed with explanation,True,N/A,22174790,[No Narrative],0.0
